{
    "version": "0.11.1",
    "nprocs": 432,
    "topology": [
        432
    ],
    "xnp": 18,
    "ynp": 24,
    "L": 147456,
    "chunkSizeX": 8192,
    "chunkSizeY": 6144,
    "collective": false,
    "iotype": "view",
    "sync": false,
    "validate": false,
    "steps": 640,
    "interval": 64,
    "fixedX": false,
    "fixedY": false,
    "initialOutput": false,
    "nfiles": 10,
    "fileSize": 173946175488,
    "totalWriteSizeByte": 1739461754880,
    "calcTimeSec": 392.46223544,
    "commTimeSec": 22.499085578,
    "writeTimeSec": 9.020365389,
    "writeBandwidthByte": 192837172316.9,
    "initialTimeSec": 29.667120852,
    "finalizeTimeSec": 58.173946472,
    "phaseDurationsSec": [
        [
            "init",
            29.667120852
        ],
        [
            "comm",
            2.680971053
        ],
        [
            "calc",
            39.876782747
        ],
        [
            "write",
            1.014553337
        ],
        [
            "comm",
            2.663760601
        ],
        [
            "calc",
            40.163326071
        ],
        [
            "write",
            0.94260009
        ],
        [
            "comm",
            2.412153866
        ],
        [
            "calc",
            39.947508709
        ],
        [
            "write",
            0.916184633
        ],
        [
            "comm",
            2.875501035
        ],
        [
            "calc",
            39.979305861
        ],
        [
            "write",
            0.891531481
        ],
        [
            "comm",
            2.702710166
        ],
        [
            "calc",
            39.962779759
        ],
        [
            "write",
            0.917316706
        ],
        [
            "comm",
            2.695887952
        ],
        [
            "calc",
            39.856603903
        ],
        [
            "write",
            1.090706097
        ],
        [
            "comm",
            2.465576826
        ],
        [
            "calc",
            39.884145303
        ],
        [
            "write",
            0.935157185
        ],
        [
            "comm",
            2.983919229
        ],
        [
            "calc",
            40.078061716
        ],
        [
            "write",
            1.101518159
        ],
        [
            "comm",
            2.479645237
        ],
        [
            "calc",
            40.085870184
        ],
        [
            "write",
            0.944356632
        ],
        [
            "comm",
            2.611674638
        ],
        [
            "calc",
            39.962424966
        ],
        [
            "write",
            0.908745588
        ],
        [
            "finalize",
            58.173946472
        ]
    ]
}
