{
    "version": "0.11.1",
    "nprocs": 432,
    "topology": [
        432
    ],
    "xnp": 18,
    "ynp": 24,
    "L": 147456,
    "chunkSizeX": 8192,
    "chunkSizeY": 6144,
    "collective": false,
    "iotype": "view",
    "sync": false,
    "validate": false,
    "steps": 640,
    "interval": 64,
    "fixedX": false,
    "fixedY": false,
    "initialOutput": false,
    "nfiles": 10,
    "fileSize": 173946175488,
    "totalWriteSizeByte": 1739461754880,
    "calcTimeSec": 390.161416586,
    "commTimeSec": 21.878369441,
    "writeTimeSec": 236.438875,
    "writeBandwidthByte": 7356919435.86,
    "initialTimeSec": 15.009771781,
    "finalizeTimeSec": 12.323659314,
    "phaseDurationsSec": [
        [
            "init",
            15.009771781
        ],
        [
            "comm",
            2.393246537
        ],
        [
            "calc",
            40.140094586
        ],
        [
            "write",
            23.648918875
        ],
        [
            "comm",
            2.81452386
        ],
        [
            "calc",
            40.134851812
        ],
        [
            "write",
            23.657622521
        ],
        [
            "comm",
            2.625459802
        ],
        [
            "calc",
            40.128328913
        ],
        [
            "write",
            23.344636113
        ],
        [
            "comm",
            2.423809404
        ],
        [
            "calc",
            40.151536147
        ],
        [
            "write",
            23.424551241
        ],
        [
            "comm",
            2.362812449
        ],
        [
            "calc",
            39.892281546
        ],
        [
            "write",
            24.155259808
        ],
        [
            "comm",
            3.168038693
        ],
        [
            "calc",
            40.070003979
        ],
        [
            "write",
            23.795947053
        ],
        [
            "comm",
            2.209315768
        ],
        [
            "calc",
            39.868868267
        ],
        [
            "write",
            23.307696211
        ],
        [
            "comm",
            2.319359803
        ],
        [
            "calc",
            40.050211354
        ],
        [
            "write",
            23.701265829
        ],
        [
            "comm",
            2.833788527
        ],
        [
            "calc",
            40.043877775
        ],
        [
            "write",
            23.593856408
        ],
        [
            "comm",
            3.020889427
        ],
        [
            "calc",
            40.052669432
        ],
        [
            "write",
            24.344176239
        ],
        [
            "finalize",
            12.323659314
        ]
    ]
}
