{
    "version": "0.11.1",
    "nprocs": 324,
    "topology": [
        324
    ],
    "xnp": 18,
    "ynp": 18,
    "L": 147456,
    "chunkSizeX": 8192,
    "chunkSizeY": 8192,
    "collective": false,
    "iotype": "view",
    "sync": false,
    "validate": false,
    "steps": 640,
    "interval": 64,
    "fixedX": false,
    "fixedY": false,
    "initialOutput": false,
    "nfiles": 10,
    "fileSize": 173946175488,
    "totalWriteSizeByte": 1739461754880,
    "calcTimeSec": 394.608351202,
    "commTimeSec": 21.632483662,
    "writeTimeSec": 226.53635099,
    "writeBandwidthByte": 7678510522.83,
    "initialTimeSec": 11.497274145,
    "finalizeTimeSec": 9.122888564,
    "phaseDurationsSec": [
        [
            "init",
            11.497274145
        ],
        [
            "comm",
            2.764491546
        ],
        [
            "calc",
            40.274448194
        ],
        [
            "write",
            22.910099378
        ],
        [
            "comm",
            2.475573204
        ],
        [
            "calc",
            40.287483818
        ],
        [
            "write",
            22.728763642
        ],
        [
            "comm",
            2.420657057
        ],
        [
            "calc",
            40.290040305
        ],
        [
            "write",
            22.701167526
        ],
        [
            "comm",
            3.050069296
        ],
        [
            "calc",
            40.312400497
        ],
        [
            "write",
            22.778485074
        ],
        [
            "comm",
            3.549398692
        ],
        [
            "calc",
            40.323363021
        ],
        [
            "write",
            22.698281209
        ],
        [
            "comm",
            2.490454631
        ],
        [
            "calc",
            40.314257218
        ],
        [
            "write",
            22.693384982
        ],
        [
            "comm",
            2.629016064
        ],
        [
            "calc",
            40.319067017
        ],
        [
            "write",
            22.621955056
        ],
        [
            "comm",
            2.834157001
        ],
        [
            "calc",
            40.290766348
        ],
        [
            "write",
            22.559113263
        ],
        [
            "comm",
            2.731067553
        ],
        [
            "calc",
            40.337005833
        ],
        [
            "write",
            22.675065842
        ],
        [
            "comm",
            2.775293032
        ],
        [
            "calc",
            40.304493451
        ],
        [
            "write",
            22.66233684
        ],
        [
            "finalize",
            9.122888564
        ]
    ]
}
