{
    "version": "0.11.1",
    "nprocs": 3072,
    "topology": [
        3072
    ],
    "xnp": 48,
    "ynp": 64,
    "L": 393216,
    "chunkSizeX": 8192,
    "chunkSizeY": 6144,
    "collective": false,
    "iotype": "view",
    "sync": false,
    "validate": false,
    "steps": 640,
    "interval": 64,
    "fixedX": false,
    "fixedY": false,
    "initialOutput": false,
    "nfiles": 10,
    "fileSize": 1236950581248,
    "totalWriteSizeByte": 12369505812480,
    "calcTimeSec": 393.238583762,
    "commTimeSec": 132.275641064,
    "writeTimeSec": 113.814968245,
    "writeBandwidthByte": 108680835247.02,
    "initialTimeSec": 16.770802167,
    "finalizeTimeSec": 13.226891916,
    "phaseDurationsSec": [
        [
            "init",
            16.770802167
        ],
        [
            "comm",
            8.948051186
        ],
        [
            "calc",
            40.119070692
        ],
        [
            "write",
            12.514622477
        ],
        [
            "comm",
            14.664275505
        ],
        [
            "calc",
            39.932584628
        ],
        [
            "write",
            12.050450849
        ],
        [
            "comm",
            18.820878941
        ],
        [
            "calc",
            39.885076849
        ],
        [
            "write",
            11.888771348
        ],
        [
            "comm",
            16.15213221
        ],
        [
            "calc",
            39.563652176
        ],
        [
            "write",
            12.80204703
        ],
        [
            "comm",
            17.141013276
        ],
        [
            "calc",
            39.772646271
        ],
        [
            "write",
            12.679614501
        ],
        [
            "comm",
            15.316361826
        ],
        [
            "calc",
            39.911804772
        ],
        [
            "write",
            12.091760605
        ],
        [
            "comm",
            15.534336665
        ],
        [
            "calc",
            39.808702383
        ],
        [
            "write",
            12.708954901
        ],
        [
            "comm",
            18.157274164
        ],
        [
            "calc",
            39.880034322
        ],
        [
            "write",
            11.977828087
        ],
        [
            "comm",
            13.158065128
        ],
        [
            "calc",
            39.829192626
        ],
        [
            "write",
            12.067024785
        ],
        [
            "comm",
            15.419106717
        ],
        [
            "calc",
            39.575737593
        ],
        [
            "write",
            7.767595839
        ],
        [
            "finalize",
            13.226891916
        ]
    ]
}
