{
    "version": "0.11.1",
    "nprocs": 1728,
    "topology": [
        1728
    ],
    "xnp": 36,
    "ynp": 48,
    "L": 294912,
    "chunkSizeX": 8192,
    "chunkSizeY": 6144,
    "collective": false,
    "iotype": "view",
    "sync": false,
    "validate": false,
    "steps": 640,
    "interval": 64,
    "fixedX": false,
    "fixedY": false,
    "initialOutput": false,
    "nfiles": 10,
    "fileSize": 695784701952,
    "totalWriteSizeByte": 6957847019520,
    "calcTimeSec": 393.349728148,
    "commTimeSec": 29.663674958,
    "writeTimeSec": 9.843904957,
    "writeBandwidthByte": 706817777082.69,
    "initialTimeSec": 33.263124239,
    "finalizeTimeSec": 59.457018389,
    "phaseDurationsSec": [
        [
            "init",
            33.263124239
        ],
        [
            "comm",
            3.760185597
        ],
        [
            "calc",
            40.076883237
        ],
        [
            "write",
            1.286516463
        ],
        [
            "comm",
            4.028554272
        ],
        [
            "calc",
            40.031882627
        ],
        [
            "write",
            1.024767592
        ],
        [
            "comm",
            3.775915118
        ],
        [
            "calc",
            39.955421871
        ],
        [
            "write",
            1.001728243
        ],
        [
            "comm",
            3.549374952
        ],
        [
            "calc",
            40.051426067
        ],
        [
            "write",
            1.010164102
        ],
        [
            "comm",
            3.947885712
        ],
        [
            "calc",
            39.928914963
        ],
        [
            "write",
            1.014923538
        ],
        [
            "comm",
            3.537456132
        ],
        [
            "calc",
            39.89460961
        ],
        [
            "write",
            1.018290664
        ],
        [
            "comm",
            3.378507303
        ],
        [
            "calc",
            40.039304933
        ],
        [
            "write",
            1.12419975
        ],
        [
            "comm",
            3.850521063
        ],
        [
            "calc",
            40.076526145
        ],
        [
            "write",
            1.030065647
        ],
        [
            "comm",
            3.702265653
        ],
        [
            "calc",
            39.848260038
        ],
        [
            "write",
            1.004101184
        ],
        [
            "comm",
            4.88777197
        ],
        [
            "calc",
            39.90061434
        ],
        [
            "write",
            1.085948866
        ],
        [
            "finalize",
            59.457018389
        ]
    ]
}
