{
    "version": "0.11.1",
    "nprocs": 1296,
    "topology": [
        1296
    ],
    "xnp": 36,
    "ynp": 36,
    "L": 294912,
    "chunkSizeX": 8192,
    "chunkSizeY": 8192,
    "collective": false,
    "iotype": "view",
    "sync": false,
    "validate": false,
    "steps": 640,
    "interval": 64,
    "fixedX": false,
    "fixedY": false,
    "initialOutput": false,
    "nfiles": 10,
    "fileSize": 695784701952,
    "totalWriteSizeByte": 6957847019520,
    "calcTimeSec": 393.383525229,
    "commTimeSec": 34.361165323,
    "writeTimeSec": 622.082360322,
    "writeBandwidthByte": 11184768228.95,
    "initialTimeSec": 13.845375742,
    "finalizeTimeSec": 16.474225002,
    "phaseDurationsSec": [
        [
            "init",
            13.845375742
        ],
        [
            "comm",
            3.276984755
        ],
        [
            "calc",
            40.280569453
        ],
        [
            "write",
            58.538989603
        ],
        [
            "comm",
            5.492040491
        ],
        [
            "calc",
            40.303748466
        ],
        [
            "write",
            60.558791823
        ],
        [
            "comm",
            5.267735334
        ],
        [
            "calc",
            40.328532549
        ],
        [
            "write",
            66.785222848
        ],
        [
            "comm",
            3.498502167
        ],
        [
            "calc",
            40.302956056
        ],
        [
            "write",
            61.953878333
        ],
        [
            "comm",
            4.038472392
        ],
        [
            "calc",
            40.290359013
        ],
        [
            "write",
            65.96396061
        ],
        [
            "comm",
            3.810405473
        ],
        [
            "calc",
            40.276786498
        ],
        [
            "write",
            59.116950809
        ],
        [
            "comm",
            3.725083557
        ],
        [
            "calc",
            40.252795092
        ],
        [
            "write",
            66.489643839
        ],
        [
            "comm",
            4.267972934
        ],
        [
            "calc",
            40.281275777
        ],
        [
            "write",
            59.109447472
        ],
        [
            "comm",
            3.277651158
        ],
        [
            "calc",
            40.253426026
        ],
        [
            "write",
            67.022184374
        ],
        [
            "comm",
            4.450139549
        ],
        [
            "calc",
            40.275227358
        ],
        [
            "write",
            58.334651545
        ],
        [
            "finalize",
            16.474225002
        ]
    ]
}
