{
    "version": "0.11.1",
    "nprocs": 1728,
    "topology": [
        1728
    ],
    "xnp": 36,
    "ynp": 48,
    "L": 294912,
    "chunkSizeX": 8192,
    "chunkSizeY": 6144,
    "collective": false,
    "iotype": "view",
    "sync": false,
    "validate": false,
    "steps": 640,
    "interval": 64,
    "fixedX": false,
    "fixedY": false,
    "initialOutput": false,
    "nfiles": 10,
    "fileSize": 695784701952,
    "totalWriteSizeByte": 6957847019520,
    "calcTimeSec": 381.839023448,
    "commTimeSec": 57.618398868,
    "writeTimeSec": 1118.88965203,
    "writeBandwidthByte": 6218528348.08,
    "initialTimeSec": 16.599777405,
    "finalizeTimeSec": 12.246919882,
    "phaseDurationsSec": [
        [
            "init",
            16.599777405
        ],
        [
            "comm",
            4.270925454
        ],
        [
            "calc",
            40.145452141
        ],
        [
            "write",
            70.174955859
        ],
        [
            "comm",
            17.472617078
        ],
        [
            "calc",
            36.315163635
        ],
        [
            "write",
            79.900434632
        ],
        [
            "comm",
            6.202379374
        ],
        [
            "calc",
            39.92422368
        ],
        [
            "write",
            122.866258645
        ],
        [
            "comm",
            4.188101766
        ],
        [
            "calc",
            39.9868966
        ],
        [
            "write",
            120.762396612
        ],
        [
            "comm",
            6.864706243
        ],
        [
            "calc",
            40.1788431
        ],
        [
            "write",
            121.306658467
        ],
        [
            "comm",
            5.239665788
        ],
        [
            "calc",
            40.11056821
        ],
        [
            "write",
            119.9432487
        ],
        [
            "comm",
            5.603783535
        ],
        [
            "calc",
            39.819264917
        ],
        [
            "write",
            121.280455112
        ],
        [
            "comm",
            6.058680806
        ],
        [
            "calc",
            40.151842453
        ],
        [
            "write",
            122.057118092
        ],
        [
            "comm",
            7.403455559
        ],
        [
            "calc",
            39.981571167
        ],
        [
            "write",
            123.430846667
        ],
        [
            "comm",
            5.429574645
        ],
        [
            "calc",
            40.075339601
        ],
        [
            "write",
            120.510057625
        ],
        [
            "finalize",
            12.246919882
        ]
    ]
}
