{
    "version": "0.11.1",
    "nprocs": 1200,
    "topology": [
        1200
    ],
    "xnp": 30,
    "ynp": 40,
    "L": 245760,
    "chunkSizeX": 8192,
    "chunkSizeY": 6144,
    "collective": false,
    "iotype": "view",
    "sync": false,
    "validate": false,
    "steps": 640,
    "interval": 64,
    "fixedX": false,
    "fixedY": false,
    "initialOutput": false,
    "nfiles": 10,
    "fileSize": 483183820800,
    "totalWriteSizeByte": 4831838208000,
    "calcTimeSec": 394.282205067,
    "commTimeSec": 27.686586825,
    "writeTimeSec": 9.371856863,
    "writeBandwidthByte": 515568929256.28,
    "initialTimeSec": 33.084548006,
    "finalizeTimeSec": 61.341748469,
    "phaseDurationsSec": [
        [
            "init",
            33.084548006
        ],
        [
            "comm",
            3.075739519
        ],
        [
            "calc",
            39.959445436
        ],
        [
            "write",
            1.175382095
        ],
        [
            "comm",
            3.049976266
        ],
        [
            "calc",
            39.917689834
        ],
        [
            "write",
            0.97775075
        ],
        [
            "comm",
            3.255902525
        ],
        [
            "calc",
            40.188926522
        ],
        [
            "write",
            1.031009281
        ],
        [
            "comm",
            3.283703402
        ],
        [
            "calc",
            39.838315536
        ],
        [
            "write",
            1.011453954
        ],
        [
            "comm",
            3.208281805
        ],
        [
            "calc",
            40.064132726
        ],
        [
            "write",
            0.947443087
        ],
        [
            "comm",
            3.554855523
        ],
        [
            "calc",
            40.135025685
        ],
        [
            "write",
            1.003185212
        ],
        [
            "comm",
            3.641382097
        ],
        [
            "calc",
            40.050734724
        ],
        [
            "write",
            0.956648591
        ],
        [
            "comm",
            3.580680388
        ],
        [
            "calc",
            39.905604839
        ],
        [
            "write",
            0.980573229
        ],
        [
            "comm",
            3.690363341
        ],
        [
            "calc",
            40.036548204
        ],
        [
            "write",
            1.027726273
        ],
        [
            "comm",
            3.968898518
        ],
        [
            "calc",
            39.970583179
        ],
        [
            "write",
            0.997518837
        ],
        [
            "finalize",
            61.341748469
        ]
    ]
}
