{
    "version": "0.11.1",
    "nprocs": 2304,
    "topology": [
        2304
    ],
    "xnp": 48,
    "ynp": 48,
    "L": 393216,
    "chunkSizeX": 8192,
    "chunkSizeY": 8192,
    "collective": false,
    "iotype": "view",
    "sync": false,
    "validate": false,
    "steps": 640,
    "interval": 64,
    "fixedX": false,
    "fixedY": false,
    "initialOutput": false,
    "nfiles": 10,
    "fileSize": 1236950581248,
    "totalWriteSizeByte": 12369505812480,
    "calcTimeSec": 392.968685426,
    "commTimeSec": 105.381290742,
    "writeTimeSec": 63.936839698,
    "writeBandwidthByte": 193464454466.41,
    "initialTimeSec": 12.104796267,
    "finalizeTimeSec": 8.956412978,
    "phaseDurationsSec": [
        [
            "init",
            12.104796267
        ],
        [
            "comm",
            8.05681428
        ],
        [
            "calc",
            40.321711138
        ],
        [
            "write",
            7.427538625
        ],
        [
            "comm",
            13.443227958
        ],
        [
            "calc",
            40.256032765
        ],
        [
            "write",
            7.300322125
        ],
        [
            "comm",
            12.993167693
        ],
        [
            "calc",
            40.256544895
        ],
        [
            "write",
            7.995157478
        ],
        [
            "comm",
            12.696148368
        ],
        [
            "calc",
            40.201092998
        ],
        [
            "write",
            6.724545273
        ],
        [
            "comm",
            12.643896675
        ],
        [
            "calc",
            40.253359376
        ],
        [
            "write",
            7.432842731
        ],
        [
            "comm",
            13.509699239
        ],
        [
            "calc",
            40.196833891
        ],
        [
            "write",
            7.713823761
        ],
        [
            "comm",
            11.445944282
        ],
        [
            "calc",
            40.216137193
        ],
        [
            "write",
            6.998511638
        ],
        [
            "comm",
            14.451334402
        ],
        [
            "calc",
            40.244800852
        ],
        [
            "write",
            7.226678154
        ],
        [
            "comm",
            13.669608383
        ],
        [
            "calc",
            40.232209649
        ],
        [
            "write",
            7.473356398
        ],
        [
            "comm",
            11.487375441
        ],
        [
            "calc",
            39.707213758
        ],
        [
            "write",
            7.075741756
        ],
        [
            "finalize",
            8.956412978
        ]
    ]
}
