{
    "version": "0.11.1",
    "nprocs": 2352,
    "topology": [
        2352
    ],
    "xnp": 42,
    "ynp": 56,
    "L": 344064,
    "chunkSizeX": 8192,
    "chunkSizeY": 6144,
    "collective": false,
    "iotype": "view",
    "sync": false,
    "validate": false,
    "steps": 640,
    "interval": 64,
    "fixedX": false,
    "fixedY": false,
    "initialOutput": false,
    "nfiles": 10,
    "fileSize": 947040288768,
    "totalWriteSizeByte": 9470402887680,
    "calcTimeSec": 392.885676279,
    "commTimeSec": 46.297967929,
    "writeTimeSec": 9.865533909,
    "writeBandwidthByte": 959948338836.53,
    "initialTimeSec": 33.240573408,
    "finalizeTimeSec": 61.204745141,
    "phaseDurationsSec": [
        [
            "init",
            33.240573408
        ],
        [
            "comm",
            7.667799884
        ],
        [
            "calc",
            39.906910051
        ],
        [
            "write",
            1.300217639
        ],
        [
            "comm",
            5.698149016
        ],
        [
            "calc",
            40.047691808
        ],
        [
            "write",
            1.147065977
        ],
        [
            "comm",
            5.113196134
        ],
        [
            "calc",
            40.12694406
        ],
        [
            "write",
            1.064555938
        ],
        [
            "comm",
            4.371028658
        ],
        [
            "calc",
            40.069312449
        ],
        [
            "write",
            1.075528034
        ],
        [
            "comm",
            4.145101778
        ],
        [
            "calc",
            40.007394862
        ],
        [
            "write",
            1.042733553
        ],
        [
            "comm",
            5.119598081
        ],
        [
            "calc",
            40.187861631
        ],
        [
            "write",
            1.065625509
        ],
        [
            "comm",
            4.273916213
        ],
        [
            "calc",
            39.934268012
        ],
        [
            "write",
            1.111308676
        ],
        [
            "comm",
            5.902523245
        ],
        [
            "calc",
            39.987271344
        ],
        [
            "write",
            1.076694434
        ],
        [
            "comm",
            4.610839171
        ],
        [
            "calc",
            40.107687953
        ],
        [
            "write",
            1.157028409
        ],
        [
            "comm",
            4.563986707
        ],
        [
            "calc",
            39.843591606
        ],
        [
            "write",
            1.061604584
        ],
        [
            "finalize",
            61.204745141
        ]
    ]
}
