{
    "version": "0.11.1",
    "nprocs": 900,
    "topology": [
        900
    ],
    "xnp": 30,
    "ynp": 30,
    "L": 245760,
    "chunkSizeX": 8192,
    "chunkSizeY": 8192,
    "collective": false,
    "iotype": "view",
    "sync": false,
    "validate": false,
    "steps": 640,
    "interval": 64,
    "fixedX": false,
    "fixedY": false,
    "initialOutput": false,
    "nfiles": 10,
    "fileSize": 483183820800,
    "totalWriteSizeByte": 4831838208000,
    "calcTimeSec": 404.188242602,
    "commTimeSec": 28.606376413,
    "writeTimeSec": 61.583883491,
    "writeBandwidthByte": 78459459425.06,
    "initialTimeSec": 6.632079747,
    "finalizeTimeSec": 2.120997177,
    "phaseDurationsSec": [
        [
            "init",
            6.632079747
        ],
        [
            "comm",
            2.887806243
        ],
        [
            "calc",
            40.399194069
        ],
        [
            "write",
            7.39758773
        ],
        [
            "comm",
            2.850147975
        ],
        [
            "calc",
            40.417564597
        ],
        [
            "write",
            6.129085644
        ],
        [
            "comm",
            2.924527123
        ],
        [
            "calc",
            40.422068856
        ],
        [
            "write",
            6.083151772
        ],
        [
            "comm",
            2.857971389
        ],
        [
            "calc",
            40.424134442
        ],
        [
            "write",
            6.021135889
        ],
        [
            "comm",
            2.8675076329999998
        ],
        [
            "calc",
            40.425392483
        ],
        [
            "write",
            5.933518381
        ],
        [
            "comm",
            2.872446049
        ],
        [
            "calc",
            40.424154798000004
        ],
        [
            "write",
            6.040279329
        ],
        [
            "comm",
            2.892005885
        ],
        [
            "calc",
            40.425952008
        ],
        [
            "write",
            5.992031059
        ],
        [
            "comm",
            2.895823843
        ],
        [
            "calc",
            40.421691245
        ],
        [
            "write",
            6.07371561
        ],
        [
            "comm",
            2.854859872
        ],
        [
            "calc",
            40.43271292
        ],
        [
            "write",
            5.992343969
        ],
        [
            "comm",
            2.859193678
        ],
        [
            "calc",
            40.422595502
        ],
        [
            "write",
            5.999378177
        ],
        [
            "finalize",
            2.120997177
        ]
    ]
}
