{
    "version": "0.11.1",
    "nprocs": 1200,
    "topology": [
        1200
    ],
    "xnp": 30,
    "ynp": 40,
    "L": 245760,
    "chunkSizeX": 8192,
    "chunkSizeY": 6144,
    "collective": false,
    "iotype": "view",
    "sync": false,
    "validate": false,
    "steps": 640,
    "interval": 64,
    "fixedX": false,
    "fixedY": false,
    "initialOutput": false,
    "nfiles": 10,
    "fileSize": 483183820800,
    "totalWriteSizeByte": 4831838208000,
    "calcTimeSec": 385.025930087,
    "commTimeSec": 45.646792274,
    "writeTimeSec": 728.068823428,
    "writeBandwidthByte": 6636512995.09,
    "initialTimeSec": 15.940691579,
    "finalizeTimeSec": 12.223332354,
    "phaseDurationsSec": [
        [
            "init",
            15.940691579
        ],
        [
            "comm",
            6.102306406
        ],
        [
            "calc",
            40.216196394
        ],
        [
            "write",
            50.621069207
        ],
        [
            "comm",
            13.16009321
        ],
        [
            "calc",
            37.687399285
        ],
        [
            "write",
            50.448336343
        ],
        [
            "comm",
            6.973365543
        ],
        [
            "calc",
            39.634136912
        ],
        [
            "write",
            80.599939401
        ],
        [
            "comm",
            6.447643873
        ],
        [
            "calc",
            40.187502851
        ],
        [
            "write",
            75.130511629
        ],
        [
            "comm",
            3.766879615
        ],
        [
            "calc",
            40.091135009
        ],
        [
            "write",
            76.190176623
        ],
        [
            "comm",
            5.466377325
        ],
        [
            "calc",
            39.825001039
        ],
        [
            "write",
            81.011355915
        ],
        [
            "comm",
            4.754918888
        ],
        [
            "calc",
            40.217848298
        ],
        [
            "write",
            82.242193152
        ],
        [
            "comm",
            5.21869727
        ],
        [
            "calc",
            39.847711508
        ],
        [
            "write",
            73.189950823
        ],
        [
            "comm",
            4.810916859
        ],
        [
            "calc",
            39.954543784
        ],
        [
            "write",
            85.04360625
        ],
        [
            "comm",
            4.859621789
        ],
        [
            "calc",
            39.92234972
        ],
        [
            "write",
            75.009626175
        ],
        [
            "finalize",
            12.223332354
        ]
    ]
}
