{
    "version": "0.11.1",
    "nprocs": 900,
    "topology": [
        900
    ],
    "xnp": 30,
    "ynp": 30,
    "L": 245760,
    "chunkSizeX": 8192,
    "chunkSizeY": 8192,
    "collective": false,
    "iotype": "view",
    "sync": false,
    "validate": false,
    "steps": 640,
    "interval": 64,
    "fixedX": false,
    "fixedY": false,
    "initialOutput": false,
    "nfiles": 10,
    "fileSize": 483183820800,
    "totalWriteSizeByte": 4831838208000,
    "calcTimeSec": 394.572909392,
    "commTimeSec": 36.301347794,
    "writeTimeSec": 412.748424955,
    "writeBandwidthByte": 11706497023.04,
    "initialTimeSec": 12.14306092,
    "finalizeTimeSec": 13.319515018,
    "phaseDurationsSec": [
        [
            "init",
            12.14306092
        ],
        [
            "comm",
            3.212216129
        ],
        [
            "calc",
            40.279315026
        ],
        [
            "write",
            39.934611465
        ],
        [
            "comm",
            5.280821
        ],
        [
            "calc",
            40.305857788
        ],
        [
            "write",
            39.412571109
        ],
        [
            "comm",
            3.837905445
        ],
        [
            "calc",
            40.336450412
        ],
        [
            "write",
            44.576355421
        ],
        [
            "comm",
            4.397343119
        ],
        [
            "calc",
            40.213829834
        ],
        [
            "write",
            39.267513445
        ],
        [
            "comm",
            4.189904383
        ],
        [
            "calc",
            40.317137008
        ],
        [
            "write",
            45.443003098
        ],
        [
            "comm",
            4.883258406
        ],
        [
            "calc",
            40.330476725
        ],
        [
            "write",
            38.798136097
        ],
        [
            "comm",
            3.628990149
        ],
        [
            "calc",
            40.343828675
        ],
        [
            "write",
            44.418739867
        ],
        [
            "comm",
            3.854427446
        ],
        [
            "calc",
            40.016812071
        ],
        [
            "write",
            39.078779343
        ],
        [
            "comm",
            5.063190198
        ],
        [
            "calc",
            40.309518026
        ],
        [
            "write",
            44.329662173
        ],
        [
            "comm",
            3.187591832
        ],
        [
            "calc",
            40.307783896
        ],
        [
            "write",
            38.879308376
        ],
        [
            "finalize",
            13.319515018
        ]
    ]
}
