{
    "version": "0.11.1",
    "nprocs": 768,
    "topology": [
        768
    ],
    "xnp": 24,
    "ynp": 32,
    "L": 196608,
    "chunkSizeX": 8192,
    "chunkSizeY": 6144,
    "collective": false,
    "iotype": "view",
    "sync": false,
    "validate": false,
    "steps": 640,
    "interval": 64,
    "fixedX": false,
    "fixedY": false,
    "initialOutput": false,
    "nfiles": 10,
    "fileSize": 309237645312,
    "totalWriteSizeByte": 3092376453120,
    "calcTimeSec": 387.524125633,
    "commTimeSec": 38.324492373,
    "writeTimeSec": 437.180917117,
    "writeBandwidthByte": 7073447929.78,
    "initialTimeSec": 15.145309365,
    "finalizeTimeSec": 12.092448371,
    "phaseDurationsSec": [
        [
            "init",
            15.145309365
        ],
        [
            "comm",
            3.233414118
        ],
        [
            "calc",
            39.953013754
        ],
        [
            "write",
            35.794290468
        ],
        [
            "comm",
            7.220700161
        ],
        [
            "calc",
            39.564744655
        ],
        [
            "write",
            35.435205751
        ],
        [
            "comm",
            3.896123388
        ],
        [
            "calc",
            40.135834655
        ],
        [
            "write",
            44.392846702
        ],
        [
            "comm",
            3.14614067
        ],
        [
            "calc",
            39.918154218
        ],
        [
            "write",
            45.464113408
        ],
        [
            "comm",
            4.420019782
        ],
        [
            "calc",
            39.856957302
        ],
        [
            "write",
            43.172955195
        ],
        [
            "comm",
            3.962996031
        ],
        [
            "calc",
            40.133185369
        ],
        [
            "write",
            52.17710159
        ],
        [
            "comm",
            4.17102798
        ],
        [
            "calc",
            39.898566252
        ],
        [
            "write",
            43.895052046
        ],
        [
            "comm",
            5.22338758
        ],
        [
            "calc",
            40.099924172
        ],
        [
            "write",
            44.415535602
        ],
        [
            "comm",
            4.52194209
        ],
        [
            "calc",
            40.011046287
        ],
        [
            "write",
            48.879259896
        ],
        [
            "comm",
            4.199677001
        ],
        [
            "calc",
            40.215674205
        ],
        [
            "write",
            44.689501703
        ],
        [
            "finalize",
            12.092448371
        ]
    ]
}
