{
    "version": "0.11.1",
    "nprocs": 576,
    "topology": [
        576
    ],
    "xnp": 24,
    "ynp": 24,
    "L": 196608,
    "chunkSizeX": 8192,
    "chunkSizeY": 8192,
    "collective": false,
    "iotype": "view",
    "sync": false,
    "validate": false,
    "steps": 640,
    "interval": 64,
    "fixedX": false,
    "fixedY": false,
    "initialOutput": false,
    "nfiles": 10,
    "fileSize": 309237645312,
    "totalWriteSizeByte": 3092376453120,
    "calcTimeSec": 395.287061955,
    "commTimeSec": 22.767769698,
    "writeTimeSec": 286.908458824,
    "writeBandwidthByte": 10778268670.76,
    "initialTimeSec": 11.844901907,
    "finalizeTimeSec": 10.723640966,
    "phaseDurationsSec": [
        [
            "init",
            11.844901907
        ],
        [
            "comm",
            3.426716609
        ],
        [
            "calc",
            40.304851907
        ],
        [
            "write",
            28.434940879
        ],
        [
            "comm",
            3.298334077
        ],
        [
            "calc",
            40.309194508
        ],
        [
            "write",
            28.028710243
        ],
        [
            "comm",
            2.569155611
        ],
        [
            "calc",
            40.305750711
        ],
        [
            "write",
            29.057249042
        ],
        [
            "comm",
            3.353336665
        ],
        [
            "calc",
            40.033597815
        ],
        [
            "write",
            28.2286125
        ],
        [
            "comm",
            3.083045853
        ],
        [
            "calc",
            40.325420168
        ],
        [
            "write",
            29.870883823
        ],
        [
            "comm",
            2.828735348
        ],
        [
            "calc",
            40.188028898
        ],
        [
            "write",
            28.982080444
        ],
        [
            "comm",
            2.728596464
        ],
        [
            "calc",
            40.2839202
        ],
        [
            "write",
            28.446618018
        ],
        [
            "comm",
            3.080171263
        ],
        [
            "calc",
            40.314581202
        ],
        [
            "write",
            28.276742869
        ],
        [
            "comm",
            2.663422289
        ],
        [
            "calc",
            40.334123422
        ],
        [
            "write",
            29.807722344
        ],
        [
            "comm",
            3.858566316
        ],
        [
            "calc",
            40.041303467
        ],
        [
            "write",
            28.386419751
        ],
        [
            "finalize",
            10.723640966
        ]
    ]
}
