{
    "version": "0.11.1",
    "nprocs": 2352,
    "topology": [
        2352
    ],
    "xnp": 42,
    "ynp": 56,
    "L": 344064,
    "chunkSizeX": 8192,
    "chunkSizeY": 6144,
    "collective": false,
    "iotype": "view",
    "sync": false,
    "validate": false,
    "steps": 640,
    "interval": 64,
    "fixedX": false,
    "fixedY": false,
    "initialOutput": false,
    "nfiles": 10,
    "fileSize": 947040288768,
    "totalWriteSizeByte": 9470402887680,
    "calcTimeSec": 393.568702501,
    "commTimeSec": 89.879693213,
    "writeTimeSec": 81.078992316,
    "writeBandwidthByte": 116804644670.1,
    "initialTimeSec": 15.723938248,
    "finalizeTimeSec": 8.585118774,
    "phaseDurationsSec": [
        [
            "init",
            15.723938248
        ],
        [
            "comm",
            5.503643489
        ],
        [
            "calc",
            40.020699285
        ],
        [
            "write",
            9.670995276
        ],
        [
            "comm",
            14.797923367
        ],
        [
            "calc",
            40.044951546
        ],
        [
            "write",
            9.81361195
        ],
        [
            "comm",
            11.430844517
        ],
        [
            "calc",
            40.026813412
        ],
        [
            "write",
            9.924168857
        ],
        [
            "comm",
            12.34685154
        ],
        [
            "calc",
            39.9193863
        ],
        [
            "write",
            9.667089674
        ],
        [
            "comm",
            11.557759815
        ],
        [
            "calc",
            39.769966023
        ],
        [
            "write",
            9.522122127
        ],
        [
            "comm",
            11.085332799
        ],
        [
            "calc",
            39.900178314
        ],
        [
            "write",
            9.693872973
        ],
        [
            "comm",
            10.676116894
        ],
        [
            "calc",
            39.713918389
        ],
        [
            "write",
            9.594707493
        ],
        [
            "comm",
            13.357048332
        ],
        [
            "calc",
            39.961374831
        ],
        [
            "write",
            9.747846932
        ],
        [
            "comm",
            11.433587936
        ],
        [
            "calc",
            39.895688302
        ],
        [
            "write",
            9.224325901
        ],
        [
            "comm",
            11.836540999
        ],
        [
            "calc",
            39.787941008
        ],
        [
            "write",
            6.051404674
        ],
        [
            "finalize",
            8.585118774
        ]
    ]
}
