{
    "version": "0.11.1",
    "nprocs": 432,
    "topology": [
        432
    ],
    "xnp": 18,
    "ynp": 24,
    "L": 147456,
    "chunkSizeX": 8192,
    "chunkSizeY": 6144,
    "collective": false,
    "iotype": "view",
    "sync": false,
    "validate": false,
    "steps": 640,
    "interval": 64,
    "fixedX": false,
    "fixedY": false,
    "initialOutput": false,
    "nfiles": 10,
    "fileSize": 173946175488,
    "totalWriteSizeByte": 1739461754880,
    "calcTimeSec": 379.866307154,
    "commTimeSec": 40.604027495,
    "writeTimeSec": 233.09813703,
    "writeBandwidthByte": 7462358031.01,
    "initialTimeSec": 15.010266122,
    "finalizeTimeSec": 12.129050096,
    "phaseDurationsSec": [
        [
            "init",
            15.010266122
        ],
        [
            "comm",
            2.796038751
        ],
        [
            "calc",
            40.009623504
        ],
        [
            "write",
            23.310640733
        ],
        [
            "comm",
            4.817921105
        ],
        [
            "calc",
            39.098164541
        ],
        [
            "write",
            23.543741631
        ],
        [
            "comm",
            2.965656555
        ],
        [
            "calc",
            39.822739607
        ],
        [
            "write",
            23.183682548
        ],
        [
            "comm",
            3.676786637
        ],
        [
            "calc",
            39.294258502
        ],
        [
            "write",
            23.1691072
        ],
        [
            "comm",
            3.935218674
        ],
        [
            "calc",
            39.613787454
        ],
        [
            "write",
            23.116307136
        ],
        [
            "comm",
            4.593343539
        ],
        [
            "calc",
            38.884700301
        ],
        [
            "write",
            23.458898793
        ],
        [
            "comm",
            3.641562414
        ],
        [
            "calc",
            39.774158752
        ],
        [
            "write",
            23.431413335
        ],
        [
            "comm",
            5.266042903
        ],
        [
            "calc",
            39.343552789
        ],
        [
            "write",
            23.304089126
        ],
        [
            "comm",
            4.695487575
        ],
        [
            "calc",
            39.327624834
        ],
        [
            "write",
            23.53559256
        ],
        [
            "comm",
            11.868249201
        ],
        [
            "calc",
            39.662582519
        ],
        [
            "write",
            23.59297095
        ],
        [
            "finalize",
            12.129050096
        ]
    ]
}
