{
    "version": "0.11.1",
    "nprocs": 324,
    "topology": [
        324
    ],
    "xnp": 18,
    "ynp": 18,
    "L": 147456,
    "chunkSizeX": 8192,
    "chunkSizeY": 8192,
    "collective": false,
    "iotype": "view",
    "sync": false,
    "validate": false,
    "steps": 640,
    "interval": 64,
    "fixedX": false,
    "fixedY": false,
    "initialOutput": false,
    "nfiles": 10,
    "fileSize": 173946175488,
    "totalWriteSizeByte": 1739461754880,
    "calcTimeSec": 399.069990197,
    "commTimeSec": 20.298578982,
    "writeTimeSec": 191.595771558,
    "writeBandwidthByte": 9078810772.99,
    "initialTimeSec": 11.468571694,
    "finalizeTimeSec": 9.02792106,
    "phaseDurationsSec": [
        [
            "init",
            11.468571694
        ],
        [
            "comm",
            3.37241882
        ],
        [
            "calc",
            40.339808002
        ],
        [
            "write",
            19.507705233
        ],
        [
            "comm",
            2.641876785
        ],
        [
            "calc",
            40.343765186
        ],
        [
            "write",
            19.217821886
        ],
        [
            "comm",
            2.662487803
        ],
        [
            "calc",
            40.360012547
        ],
        [
            "write",
            19.035401974
        ],
        [
            "comm",
            3.526618836
        ],
        [
            "calc",
            40.375072056
        ],
        [
            "write",
            18.830884061
        ],
        [
            "comm",
            3.562302403
        ],
        [
            "calc",
            40.403234327
        ],
        [
            "write",
            19.623379985
        ],
        [
            "comm",
            2.163341586
        ],
        [
            "calc",
            40.157767902
        ],
        [
            "write",
            18.925557493
        ],
        [
            "comm",
            1.500654156
        ],
        [
            "calc",
            40.305304169
        ],
        [
            "write",
            19.042360959
        ],
        [
            "comm",
            1.793282784
        ],
        [
            "calc",
            40.343110581
        ],
        [
            "write",
            19.535660361
        ],
        [
            "comm",
            2.259447723
        ],
        [
            "calc",
            40.284026255
        ],
        [
            "write",
            19.094121588
        ],
        [
            "comm",
            2.533919686
        ],
        [
            "calc",
            40.310211057
        ],
        [
            "write",
            19.249556793
        ],
        [
            "finalize",
            9.02792106
        ]
    ]
}
