{
    "version": "0.11.1",
    "nprocs": 1296,
    "topology": [
        1296
    ],
    "xnp": 36,
    "ynp": 36,
    "L": 294912,
    "chunkSizeX": 8192,
    "chunkSizeY": 8192,
    "collective": false,
    "iotype": "view",
    "sync": false,
    "validate": false,
    "steps": 640,
    "interval": 64,
    "fixedX": false,
    "fixedY": false,
    "initialOutput": false,
    "nfiles": 10,
    "fileSize": 695784701952,
    "totalWriteSizeByte": 6957847019520,
    "calcTimeSec": 400.264541333,
    "commTimeSec": 76.110487192,
    "writeTimeSec": 40.018592127,
    "writeBandwidthByte": 173865362315.57,
    "initialTimeSec": 11.850622715,
    "finalizeTimeSec": 10.354585962,
    "phaseDurationsSec": [
        [
            "init",
            11.850622715
        ],
        [
            "comm",
            7.599099291
        ],
        [
            "calc",
            40.371750537
        ],
        [
            "write",
            5.079316024
        ],
        [
            "comm",
            8.03757415
        ],
        [
            "calc",
            40.182902758
        ],
        [
            "write",
            5.043406339
        ],
        [
            "comm",
            8.043671218
        ],
        [
            "calc",
            40.206808506
        ],
        [
            "write",
            4.943326053
        ],
        [
            "comm",
            8.226570461
        ],
        [
            "calc",
            40.143653797
        ],
        [
            "write",
            4.801590407
        ],
        [
            "comm",
            8.2301384
        ],
        [
            "calc",
            40.210932806
        ],
        [
            "write",
            5.020711485
        ],
        [
            "comm",
            7.356085748
        ],
        [
            "calc",
            40.157501988
        ],
        [
            "write",
            4.861028202
        ],
        [
            "comm",
            6.941499092
        ],
        [
            "calc",
            40.160138394
        ],
        [
            "write",
            4.753511175
        ],
        [
            "comm",
            7.892800182
        ],
        [
            "calc",
            40.20302835
        ],
        [
            "write",
            4.610701791
        ],
        [
            "comm",
            7.104326397
        ],
        [
            "calc",
            40.235388168
        ],
        [
            "write",
            4.781991152
        ],
        [
            "comm",
            7.330008045
        ],
        [
            "calc",
            40.099834705
        ],
        [
            "write",
            4.676899098
        ],
        [
            "finalize",
            10.354585962
        ]
    ]
}
