{
    "version": "0.11.1",
    "nprocs": 1764,
    "topology": [
        1764
    ],
    "xnp": 42,
    "ynp": 42,
    "L": 344064,
    "chunkSizeX": 8192,
    "chunkSizeY": 8192,
    "collective": false,
    "iotype": "view",
    "sync": false,
    "validate": false,
    "steps": 640,
    "interval": 64,
    "fixedX": false,
    "fixedY": false,
    "initialOutput": false,
    "nfiles": 10,
    "fileSize": 947040288768,
    "totalWriteSizeByte": 9470402887680,
    "calcTimeSec": 403.671812444,
    "commTimeSec": 54.645174054,
    "writeTimeSec": 91.84974987,
    "writeBandwidthByte": 103107552291.48,
    "initialTimeSec": 8.786368599,
    "finalizeTimeSec": 2.790739595,
    "phaseDurationsSec": [
        [
            "init",
            8.786368599
        ],
        [
            "comm",
            5.655774956
        ],
        [
            "calc",
            40.357003494
        ],
        [
            "write",
            27.739183125
        ],
        [
            "comm",
            5.473985315
        ],
        [
            "calc",
            40.371509906
        ],
        [
            "write",
            7.118157181
        ],
        [
            "comm",
            5.693825101
        ],
        [
            "calc",
            40.367775101
        ],
        [
            "write",
            7.153117235
        ],
        [
            "comm",
            5.459255209
        ],
        [
            "calc",
            40.370152904
        ],
        [
            "write",
            7.109313393
        ],
        [
            "comm",
            5.506368046
        ],
        [
            "calc",
            40.364504259
        ],
        [
            "write",
            7.088738034
        ],
        [
            "comm",
            5.439519739
        ],
        [
            "calc",
            40.367608325
        ],
        [
            "write",
            7.094922174
        ],
        [
            "comm",
            5.434985808
        ],
        [
            "calc",
            40.368898327
        ],
        [
            "write",
            7.17337712
        ],
        [
            "comm",
            5.424533533
        ],
        [
            "calc",
            40.369112936
        ],
        [
            "write",
            7.164552003
        ],
        [
            "comm",
            5.470659372
        ],
        [
            "calc",
            40.368049367
        ],
        [
            "write",
            7.111296465
        ],
        [
            "comm",
            5.571600658
        ],
        [
            "calc",
            40.367197825
        ],
        [
            "write",
            7.197821472
        ],
        [
            "finalize",
            2.790739595
        ]
    ]
}
