{
    "version": "0.11.1",
    "nprocs": 48,
    "topology": [
        48
    ],
    "xnp": 6,
    "ynp": 8,
    "L": 49152,
    "chunkSizeX": 8192,
    "chunkSizeY": 6144,
    "collective": false,
    "iotype": "view",
    "sync": false,
    "validate": false,
    "steps": 640,
    "interval": 64,
    "fixedX": false,
    "fixedY": false,
    "initialOutput": false,
    "nfiles": 10,
    "fileSize": 19327352832,
    "totalWriteSizeByte": 193273528320,
    "calcTimeSec": 392.445718877,
    "commTimeSec": 13.811385116,
    "writeTimeSec": 189.098110717,
    "writeBandwidthByte": 1022080694.45,
    "initialTimeSec": 14.216023516,
    "finalizeTimeSec": 12.075176372,
    "phaseDurationsSec": [
        [
            "init",
            14.216023516
        ],
        [
            "comm",
            1.506662856
        ],
        [
            "calc",
            40.003474894
        ],
        [
            "write",
            18.985730507
        ],
        [
            "comm",
            1.637619374
        ],
        [
            "calc",
            39.947655012
        ],
        [
            "write",
            18.786051735
        ],
        [
            "comm",
            1.398735949
        ],
        [
            "calc",
            40.049907678
        ],
        [
            "write",
            19.331564658
        ],
        [
            "comm",
            1.459750835
        ],
        [
            "calc",
            39.849831946
        ],
        [
            "write",
            18.652675452
        ],
        [
            "comm",
            1.623954594
        ],
        [
            "calc",
            40.040511569
        ],
        [
            "write",
            19.094697283
        ],
        [
            "comm",
            1.346579843
        ],
        [
            "calc",
            40.084058069
        ],
        [
            "write",
            18.496554493
        ],
        [
            "comm",
            1.431358093
        ],
        [
            "calc",
            40.150785754
        ],
        [
            "write",
            18.802248475
        ],
        [
            "comm",
            1.516673357
        ],
        [
            "calc",
            40.105913927
        ],
        [
            "write",
            19.045629664
        ],
        [
            "comm",
            1.575797651
        ],
        [
            "calc",
            39.621816168
        ],
        [
            "write",
            19.203433788
        ],
        [
            "comm",
            1.656938304
        ],
        [
            "calc",
            40.064197655
        ],
        [
            "write",
            18.885218774
        ],
        [
            "finalize",
            12.075176372
        ]
    ]
}
