{
    "version": "0.11.1",
    "nprocs": 1764,
    "topology": [
        1764
    ],
    "xnp": 42,
    "ynp": 42,
    "L": 344064,
    "chunkSizeX": 8192,
    "chunkSizeY": 8192,
    "collective": false,
    "iotype": "view",
    "sync": false,
    "validate": false,
    "steps": 640,
    "interval": 64,
    "fixedX": false,
    "fixedY": false,
    "initialOutput": false,
    "nfiles": 10,
    "fileSize": 947040288768,
    "totalWriteSizeByte": 9470402887680,
    "calcTimeSec": 401.594640941,
    "commTimeSec": 25.578528819,
    "writeTimeSec": 8.97531032,
    "writeBandwidthByte": 1055161610019.96,
    "initialTimeSec": 23.766150764,
    "finalizeTimeSec": 58.418199633,
    "phaseDurationsSec": [
        [
            "init",
            23.766150764
        ],
        [
            "comm",
            4.333942753
        ],
        [
            "calc",
            40.298048375
        ],
        [
            "write",
            1.080688442
        ],
        [
            "comm",
            5.089936723
        ],
        [
            "calc",
            40.328935723
        ],
        [
            "write",
            1.078802913
        ],
        [
            "comm",
            5.056502064
        ],
        [
            "calc",
            40.324080429
        ],
        [
            "write",
            1.092867695
        ],
        [
            "comm",
            3.836857696
        ],
        [
            "calc",
            40.271608769
        ],
        [
            "write",
            0.964071028
        ],
        [
            "comm",
            3.271892607
        ],
        [
            "calc",
            40.28670858
        ],
        [
            "write",
            0.920248189
        ],
        [
            "comm",
            2.299927424
        ],
        [
            "calc",
            40.296282837
        ],
        [
            "write",
            0.897221736
        ],
        [
            "comm",
            2.246252383
        ],
        [
            "calc",
            40.284017473
        ],
        [
            "write",
            0.899363661
        ],
        [
            "comm",
            2.209380966
        ],
        [
            "calc",
            40.291386032
        ],
        [
            "write",
            0.900423468
        ],
        [
            "comm",
            2.467994248
        ],
        [
            "calc",
            40.283249258
        ],
        [
            "write",
            0.903828012
        ],
        [
            "comm",
            2.26586582
        ],
        [
            "calc",
            40.289654749
        ],
        [
            "write",
            0.896292626
        ],
        [
            "finalize",
            58.418199633
        ]
    ]
}
