{
    "version": "0.11.1",
    "nprocs": 432,
    "topology": [
        432
    ],
    "xnp": 18,
    "ynp": 24,
    "L": 147456,
    "chunkSizeX": 8192,
    "chunkSizeY": 6144,
    "collective": false,
    "iotype": "view",
    "sync": false,
    "validate": false,
    "steps": 640,
    "interval": 64,
    "fixedX": false,
    "fixedY": false,
    "initialOutput": false,
    "nfiles": 10,
    "fileSize": 173946175488,
    "totalWriteSizeByte": 1739461754880,
    "calcTimeSec": 398.668962802,
    "commTimeSec": 23.447846243,
    "writeTimeSec": 270.262088223,
    "writeBandwidthByte": 6436203339.94,
    "initialTimeSec": 7.174303133,
    "finalizeTimeSec": 1.858206156,
    "phaseDurationsSec": [
        [
            "init",
            7.174303133
        ],
        [
            "comm",
            2.510090914
        ],
        [
            "calc",
            39.951677469
        ],
        [
            "write",
            50.48569484
        ],
        [
            "comm",
            2.727008234
        ],
        [
            "calc",
            39.933714986
        ],
        [
            "write",
            36.613119252
        ],
        [
            "comm",
            2.78629213
        ],
        [
            "calc",
            39.933653134
        ],
        [
            "write",
            22.746177799
        ],
        [
            "comm",
            2.716414006
        ],
        [
            "calc",
            40.011932917
        ],
        [
            "write",
            24.192733198
        ],
        [
            "comm",
            2.446042186
        ],
        [
            "calc",
            39.95367743
        ],
        [
            "write",
            25.903837587
        ],
        [
            "comm",
            2.855493725
        ],
        [
            "calc",
            39.928663939
        ],
        [
            "write",
            21.880296861
        ],
        [
            "comm",
            2.589551714
        ],
        [
            "calc",
            39.903070762
        ],
        [
            "write",
            21.699989132
        ],
        [
            "comm",
            2.605809082
        ],
        [
            "calc",
            40.091005913
        ],
        [
            "write",
            13.831699405
        ],
        [
            "comm",
            2.431152089
        ],
        [
            "calc",
            39.993880419
        ],
        [
            "write",
            29.050093008
        ],
        [
            "comm",
            2.512516537
        ],
        [
            "calc",
            40.107000231
        ],
        [
            "write",
            24.402096974
        ],
        [
            "finalize",
            1.858206156
        ]
    ]
}
