{
    "version": "0.11.1",
    "nprocs": 192,
    "topology": [
        192
    ],
    "xnp": 12,
    "ynp": 16,
    "L": 98304,
    "chunkSizeX": 8192,
    "chunkSizeY": 6144,
    "collective": false,
    "iotype": "view",
    "sync": false,
    "validate": false,
    "steps": 640,
    "interval": 64,
    "fixedX": false,
    "fixedY": false,
    "initialOutput": false,
    "nfiles": 10,
    "fileSize": 77309411328,
    "totalWriteSizeByte": 773094113280,
    "calcTimeSec": 384.964681644,
    "commTimeSec": 66.837306655,
    "writeTimeSec": 22.120647237,
    "writeBandwidthByte": 34948982504.77,
    "initialTimeSec": 14.633099335,
    "finalizeTimeSec": 12.477866715,
    "phaseDurationsSec": [
        [
            "init",
            14.633099335
        ],
        [
            "comm",
            3.159344634
        ],
        [
            "calc",
            40.07154053
        ],
        [
            "write",
            2.403646374
        ],
        [
            "comm",
            9.126871249
        ],
        [
            "calc",
            39.907935791
        ],
        [
            "write",
            2.489859198
        ],
        [
            "comm",
            9.196180836
        ],
        [
            "calc",
            39.830719644
        ],
        [
            "write",
            2.315082823
        ],
        [
            "comm",
            11.22526136
        ],
        [
            "calc",
            40.050705358
        ],
        [
            "write",
            2.392186762
        ],
        [
            "comm",
            11.094573434
        ],
        [
            "calc",
            39.76136418
        ],
        [
            "write",
            2.308496334
        ],
        [
            "comm",
            9.454265017
        ],
        [
            "calc",
            39.970747042
        ],
        [
            "write",
            2.372000526
        ],
        [
            "comm",
            6.135617966
        ],
        [
            "calc",
            39.953144262
        ],
        [
            "write",
            2.463908237
        ],
        [
            "comm",
            10.433794078
        ],
        [
            "calc",
            39.955237707
        ],
        [
            "write",
            2.323284276
        ],
        [
            "comm",
            5.857141434
        ],
        [
            "calc",
            39.977577866
        ],
        [
            "write",
            2.399415678
        ],
        [
            "comm",
            9.999203264
        ],
        [
            "calc",
            39.942465798
        ],
        [
            "write",
            2.490924956
        ],
        [
            "finalize",
            12.477866715
        ]
    ]
}
