{
    "version": "0.11.1",
    "nprocs": 768,
    "topology": [
        768
    ],
    "xnp": 24,
    "ynp": 32,
    "L": 196608,
    "chunkSizeX": 8192,
    "chunkSizeY": 6144,
    "collective": false,
    "iotype": "view",
    "sync": false,
    "validate": false,
    "steps": 640,
    "interval": 64,
    "fixedX": false,
    "fixedY": false,
    "initialOutput": false,
    "nfiles": 10,
    "fileSize": 309237645312,
    "totalWriteSizeByte": 3092376453120,
    "calcTimeSec": 392.850447019,
    "commTimeSec": 25.698614445,
    "writeTimeSec": 8.954157483,
    "writeBandwidthByte": 345356496017.75,
    "initialTimeSec": 31.131398921,
    "finalizeTimeSec": 63.299658077,
    "phaseDurationsSec": [
        [
            "init",
            31.131398921
        ],
        [
            "comm",
            3.415936648
        ],
        [
            "calc",
            39.618421092
        ],
        [
            "write",
            1.043728378
        ],
        [
            "comm",
            2.836097861
        ],
        [
            "calc",
            39.71622281
        ],
        [
            "write",
            1.029229263
        ],
        [
            "comm",
            2.858681681
        ],
        [
            "calc",
            40.112205758
        ],
        [
            "write",
            0.9597989
        ],
        [
            "comm",
            3.191890187
        ],
        [
            "calc",
            39.769900718
        ],
        [
            "write",
            0.937350116
        ],
        [
            "comm",
            2.568009117
        ],
        [
            "calc",
            39.913253084
        ],
        [
            "write",
            0.979664005
        ],
        [
            "comm",
            2.474162405
        ],
        [
            "calc",
            40.206122806
        ],
        [
            "write",
            0.966923518
        ],
        [
            "comm",
            2.882332249
        ],
        [
            "calc",
            39.951745393
        ],
        [
            "write",
            0.955067544
        ],
        [
            "comm",
            3.025732281
        ],
        [
            "calc",
            39.943070224
        ],
        [
            "write",
            0.932021193
        ],
        [
            "comm",
            2.654079119
        ],
        [
            "calc",
            40.074230922
        ],
        [
            "write",
            0.937394637
        ],
        [
            "comm",
            3.098908485
        ],
        [
            "calc",
            40.108279922
        ],
        [
            "write",
            0.951054691
        ],
        [
            "finalize",
            63.299658077
        ]
    ]
}
