{
    "version": "0.11.1",
    "nprocs": 3072,
    "topology": [
        3072
    ],
    "xnp": 48,
    "ynp": 64,
    "L": 393216,
    "chunkSizeX": 8192,
    "chunkSizeY": 6144,
    "collective": false,
    "iotype": "view",
    "sync": false,
    "validate": false,
    "steps": 640,
    "interval": 64,
    "fixedX": false,
    "fixedY": false,
    "initialOutput": false,
    "nfiles": 10,
    "fileSize": 1236950581248,
    "totalWriteSizeByte": 12369505812480,
    "calcTimeSec": 390.436367781,
    "commTimeSec": 45.475938503,
    "writeTimeSec": 11.205764159,
    "writeBandwidthByte": 1103852056581.55,
    "initialTimeSec": 36.629459989,
    "finalizeTimeSec": 61.974288308,
    "phaseDurationsSec": [
        [
            "init",
            36.629459989
        ],
        [
            "comm",
            7.193707457
        ],
        [
            "calc",
            40.007247234
        ],
        [
            "write",
            2.377656036
        ],
        [
            "comm",
            4.516009301
        ],
        [
            "calc",
            40.102122269
        ],
        [
            "write",
            1.147053943
        ],
        [
            "comm",
            4.942667934
        ],
        [
            "calc",
            39.922351755
        ],
        [
            "write",
            1.134194324
        ],
        [
            "comm",
            5.424634784
        ],
        [
            "calc",
            40.117215847
        ],
        [
            "write",
            1.176848889
        ],
        [
            "comm",
            5.832824482
        ],
        [
            "calc",
            40.185431484
        ],
        [
            "write",
            1.138363616
        ],
        [
            "comm",
            5.091003117
        ],
        [
            "calc",
            40.095339486
        ],
        [
            "write",
            1.121377522
        ],
        [
            "comm",
            5.085399319
        ],
        [
            "calc",
            40.095252975
        ],
        [
            "write",
            1.079177468
        ],
        [
            "comm",
            4.526851022
        ],
        [
            "calc",
            40.206189434
        ],
        [
            "write",
            1.14531378
        ],
        [
            "comm",
            4.471333493
        ],
        [
            "calc",
            39.898274215
        ],
        [
            "write",
            1.141297242
        ],
        [
            "comm",
            4.144556022
        ],
        [
            "calc",
            39.950445108
        ],
        [
            "write",
            1.095922537
        ],
        [
            "finalize",
            61.974288308
        ]
    ]
}
