{
    "version": "0.11.1",
    "nprocs": 324,
    "topology": [
        324
    ],
    "xnp": 18,
    "ynp": 18,
    "L": 147456,
    "chunkSizeX": 8192,
    "chunkSizeY": 8192,
    "collective": false,
    "iotype": "view",
    "sync": false,
    "validate": false,
    "steps": 640,
    "interval": 64,
    "fixedX": false,
    "fixedY": false,
    "initialOutput": false,
    "nfiles": 10,
    "fileSize": 173946175488,
    "totalWriteSizeByte": 1739461754880,
    "calcTimeSec": 401.975726834,
    "commTimeSec": 14.042949996,
    "writeTimeSec": 8.454836063,
    "writeBandwidthByte": 205735716448.98,
    "initialTimeSec": 20.668035054,
    "finalizeTimeSec": 58.193639833,
    "phaseDurationsSec": [
        [
            "init",
            20.668035054
        ],
        [
            "comm",
            2.695881237
        ],
        [
            "calc",
            40.296472071
        ],
        [
            "write",
            0.903706643
        ],
        [
            "comm",
            2.328358044
        ],
        [
            "calc",
            40.141040048
        ],
        [
            "write",
            0.841523606
        ],
        [
            "comm",
            1.57959931
        ],
        [
            "calc",
            40.279522839
        ],
        [
            "write",
            0.862818802
        ],
        [
            "comm",
            1.216133841
        ],
        [
            "calc",
            40.325601748
        ],
        [
            "write",
            0.845323879
        ],
        [
            "comm",
            1.401557571
        ],
        [
            "calc",
            40.320908819
        ],
        [
            "write",
            0.859788391
        ],
        [
            "comm",
            1.38379947
        ],
        [
            "calc",
            40.288560918
        ],
        [
            "write",
            0.880704619
        ],
        [
            "comm",
            1.224633136
        ],
        [
            "calc",
            40.325255799
        ],
        [
            "write",
            0.847324806
        ],
        [
            "comm",
            1.201826876
        ],
        [
            "calc",
            40.331439868
        ],
        [
            "write",
            0.844143496
        ],
        [
            "comm",
            1.213129497
        ],
        [
            "calc",
            40.328706074
        ],
        [
            "write",
            0.846943865
        ],
        [
            "comm",
            1.247868816
        ],
        [
            "calc",
            40.305087541
        ],
        [
            "write",
            0.84336874
        ],
        [
            "finalize",
            58.193639833
        ]
    ]
}
