{
    "version": "0.11.1",
    "nprocs": 1296,
    "topology": [
        1296
    ],
    "xnp": 36,
    "ynp": 36,
    "L": 294912,
    "chunkSizeX": 8192,
    "chunkSizeY": 8192,
    "collective": false,
    "iotype": "view",
    "sync": false,
    "validate": false,
    "steps": 640,
    "interval": 64,
    "fixedX": false,
    "fixedY": false,
    "initialOutput": false,
    "nfiles": 10,
    "fileSize": 695784701952,
    "totalWriteSizeByte": 6957847019520,
    "calcTimeSec": 392.49055566,
    "commTimeSec": 27.507945407,
    "writeTimeSec": 210.746276315,
    "writeBandwidthByte": 33015278567.11,
    "initialTimeSec": 13.24482675,
    "finalizeTimeSec": 8.967890963,
    "phaseDurationsSec": [
        [
            "init",
            13.24482675
        ],
        [
            "comm",
            3.192989788
        ],
        [
            "calc",
            40.309265512
        ],
        [
            "write",
            21.609836751
        ],
        [
            "comm",
            4.731110921
        ],
        [
            "calc",
            40.28815081
        ],
        [
            "write",
            21.34910806
        ],
        [
            "comm",
            4.56856188
        ],
        [
            "calc",
            40.308548499
        ],
        [
            "write",
            21.19927474
        ],
        [
            "comm",
            3.183735134
        ],
        [
            "calc",
            40.287408644
        ],
        [
            "write",
            21.085878968
        ],
        [
            "comm",
            3.225041391
        ],
        [
            "calc",
            40.290978493
        ],
        [
            "write",
            21.225545271
        ],
        [
            "comm",
            3.860528511
        ],
        [
            "calc",
            40.291951854
        ],
        [
            "write",
            21.184155867
        ],
        [
            "comm",
            3.274761601
        ],
        [
            "calc",
            40.315342566
        ],
        [
            "write",
            20.928525415
        ],
        [
            "comm",
            3.245284017
        ],
        [
            "calc",
            40.290469405
        ],
        [
            "write",
            20.918785327
        ],
        [
            "comm",
            3.495534621
        ],
        [
            "calc",
            40.278551649
        ],
        [
            "write",
            21.028780245
        ],
        [
            "comm",
            3.976820391
        ],
        [
            "calc",
            40.322976578
        ],
        [
            "write",
            21.07551592
        ],
        [
            "finalize",
            8.967890963
        ]
    ]
}
