{
    "version": "0.11.1",
    "nprocs": 1728,
    "topology": [
        1728
    ],
    "xnp": 36,
    "ynp": 48,
    "L": 294912,
    "chunkSizeX": 8192,
    "chunkSizeY": 6144,
    "collective": false,
    "iotype": "view",
    "sync": false,
    "validate": false,
    "steps": 640,
    "interval": 64,
    "fixedX": false,
    "fixedY": false,
    "initialOutput": false,
    "nfiles": 10,
    "fileSize": 695784701952,
    "totalWriteSizeByte": 6957847019520,
    "calcTimeSec": 389.878531126,
    "commTimeSec": 30.853007886,
    "writeTimeSec": 224.198347682,
    "writeBandwidthByte": 31034336744.48,
    "initialTimeSec": 16.461965165,
    "finalizeTimeSec": 12.202902989,
    "phaseDurationsSec": [
        [
            "init",
            16.461965165
        ],
        [
            "comm",
            5.071901799
        ],
        [
            "calc",
            39.940091403
        ],
        [
            "write",
            23.975543169
        ],
        [
            "comm",
            3.116731089
        ],
        [
            "calc",
            39.818941441
        ],
        [
            "write",
            23.174399812
        ],
        [
            "comm",
            3.410548332
        ],
        [
            "calc",
            40.059438722
        ],
        [
            "write",
            22.971510984
        ],
        [
            "comm",
            4.991896864
        ],
        [
            "calc",
            40.089083716
        ],
        [
            "write",
            22.313293117
        ],
        [
            "comm",
            4.260677723
        ],
        [
            "calc",
            40.084706497
        ],
        [
            "write",
            21.991100068
        ],
        [
            "comm",
            3.049643452
        ],
        [
            "calc",
            40.136748449
        ],
        [
            "write",
            22.294710585
        ],
        [
            "comm",
            3.518186837
        ],
        [
            "calc",
            40.106693476
        ],
        [
            "write",
            22.330693768
        ],
        [
            "comm",
            3.492239838
        ],
        [
            "calc",
            39.984046951
        ],
        [
            "write",
            22.167421131
        ],
        [
            "comm",
            5.394861303
        ],
        [
            "calc",
            39.984864779
        ],
        [
            "write",
            22.14361454
        ],
        [
            "comm",
            3.729238889
        ],
        [
            "calc",
            40.254783271
        ],
        [
            "write",
            22.127961732
        ],
        [
            "finalize",
            12.202902989
        ]
    ]
}
