{
    "version": "0.11.1",
    "nprocs": 1728,
    "topology": [
        1728
    ],
    "xnp": 36,
    "ynp": 48,
    "L": 294912,
    "chunkSizeX": 8192,
    "chunkSizeY": 6144,
    "collective": false,
    "iotype": "view",
    "sync": false,
    "validate": false,
    "steps": 640,
    "interval": 64,
    "fixedX": false,
    "fixedY": false,
    "initialOutput": false,
    "nfiles": 10,
    "fileSize": 695784701952,
    "totalWriteSizeByte": 6957847019520,
    "calcTimeSec": 390.15795067,
    "commTimeSec": 35.145241689,
    "writeTimeSec": 9.507527194,
    "writeBandwidthByte": 731825097898.32,
    "initialTimeSec": 32.564973207,
    "finalizeTimeSec": 60.682753076,
    "phaseDurationsSec": [
        [
            "init",
            32.564973207
        ],
        [
            "comm",
            4.291146834
        ],
        [
            "calc",
            39.917874205
        ],
        [
            "write",
            1.221104983
        ],
        [
            "comm",
            3.879537125
        ],
        [
            "calc",
            40.005621496
        ],
        [
            "write",
            1.043595568
        ],
        [
            "comm",
            5.558983309
        ],
        [
            "calc",
            39.991434735
        ],
        [
            "write",
            1.078318421
        ],
        [
            "comm",
            4.286414504
        ],
        [
            "calc",
            39.948510301
        ],
        [
            "write",
            1.011188279
        ],
        [
            "comm",
            4.381473795
        ],
        [
            "calc",
            39.991432124
        ],
        [
            "write",
            0.968113268
        ],
        [
            "comm",
            3.714552635
        ],
        [
            "calc",
            40.08494923
        ],
        [
            "write",
            1.005969518
        ],
        [
            "comm",
            3.297843807
        ],
        [
            "calc",
            39.896954987
        ],
        [
            "write",
            0.988745033
        ],
        [
            "comm",
            4.057207939
        ],
        [
            "calc",
            40.016338971
        ],
        [
            "write",
            0.964337271
        ],
        [
            "comm",
            5.057733164
        ],
        [
            "calc",
            40.138981445
        ],
        [
            "write",
            1.056660065
        ],
        [
            "comm",
            3.570151042
        ],
        [
            "calc",
            39.87622627
        ],
        [
            "write",
            0.944780819
        ],
        [
            "finalize",
            60.682753076
        ]
    ]
}
