{
    "version": "0.11.1",
    "nprocs": 1764,
    "topology": [
        1764
    ],
    "xnp": 42,
    "ynp": 42,
    "L": 344064,
    "chunkSizeX": 8192,
    "chunkSizeY": 8192,
    "collective": false,
    "iotype": "view",
    "sync": false,
    "validate": false,
    "steps": 640,
    "interval": 64,
    "fixedX": false,
    "fixedY": false,
    "initialOutput": false,
    "nfiles": 10,
    "fileSize": 947040288768,
    "totalWriteSizeByte": 9470402887680,
    "calcTimeSec": 400.20806761,
    "commTimeSec": 68.891697399,
    "writeTimeSec": 48.667925746,
    "writeBandwidthByte": 194592285216.89,
    "initialTimeSec": 12.236972132,
    "finalizeTimeSec": 11.469780087,
    "phaseDurationsSec": [
        [
            "init",
            12.236972132
        ],
        [
            "comm",
            6.000374482
        ],
        [
            "calc",
            40.30672544
        ],
        [
            "write",
            6.236254378
        ],
        [
            "comm",
            8.888758813
        ],
        [
            "calc",
            40.174370863
        ],
        [
            "write",
            6.275313488
        ],
        [
            "comm",
            8.790320537
        ],
        [
            "calc",
            40.210848463
        ],
        [
            "write",
            6.182625884
        ],
        [
            "comm",
            7.854067067
        ],
        [
            "calc",
            40.232874665
        ],
        [
            "write",
            5.8167558
        ],
        [
            "comm",
            9.251318248
        ],
        [
            "calc",
            40.111290495
        ],
        [
            "write",
            5.96555019
        ],
        [
            "comm",
            8.600524892
        ],
        [
            "calc",
            40.196694496
        ],
        [
            "write",
            5.752922764
        ],
        [
            "comm",
            7.846873017
        ],
        [
            "calc",
            40.288210854
        ],
        [
            "write",
            5.669984847
        ],
        [
            "comm",
            8.549311029
        ],
        [
            "calc",
            40.219904038
        ],
        [
            "write",
            5.632626988
        ],
        [
            "comm",
            8.417803826
        ],
        [
            "calc",
            40.212917147
        ],
        [
            "write",
            5.838547638
        ],
        [
            "comm",
            8.79190395
        ],
        [
            "calc",
            40.214542809
        ],
        [
            "write",
            5.73818206
        ],
        [
            "finalize",
            11.469780087
        ]
    ]
}
