{
    "version": "0.11.1",
    "nprocs": 3072,
    "topology": [
        3072
    ],
    "xnp": 48,
    "ynp": 64,
    "L": 393216,
    "chunkSizeX": 8192,
    "chunkSizeY": 6144,
    "collective": false,
    "iotype": "view",
    "sync": false,
    "validate": false,
    "steps": 640,
    "interval": 64,
    "fixedX": false,
    "fixedY": false,
    "initialOutput": false,
    "nfiles": 10,
    "fileSize": 1236950581248,
    "totalWriteSizeByte": 12369505812480,
    "calcTimeSec": 397.462367051,
    "commTimeSec": 43.139089666,
    "writeTimeSec": 10.921573725,
    "writeBandwidthByte": 1132575407531.76,
    "initialTimeSec": 35.223443956,
    "finalizeTimeSec": 59.762693138,
    "phaseDurationsSec": [
        [
            "init",
            35.223443956
        ],
        [
            "comm",
            6.04481793
        ],
        [
            "calc",
            39.988495601
        ],
        [
            "write",
            1.634613553
        ],
        [
            "comm",
            4.442066365
        ],
        [
            "calc",
            39.991748175
        ],
        [
            "write",
            1.14465699
        ],
        [
            "comm",
            5.427373996
        ],
        [
            "calc",
            40.136229217
        ],
        [
            "write",
            1.307466684
        ],
        [
            "comm",
            4.468890275
        ],
        [
            "calc",
            40.03535523
        ],
        [
            "write",
            1.119605778
        ],
        [
            "comm",
            4.557284781
        ],
        [
            "calc",
            39.847547027
        ],
        [
            "write",
            1.146275869
        ],
        [
            "comm",
            4.244059167
        ],
        [
            "calc",
            40.181384018
        ],
        [
            "write",
            1.163982037
        ],
        [
            "comm",
            4.232009096
        ],
        [
            "calc",
            39.981289507
        ],
        [
            "write",
            1.147283477
        ],
        [
            "comm",
            4.790447431
        ],
        [
            "calc",
            40.18378826
        ],
        [
            "write",
            1.075793868
        ],
        [
            "comm",
            5.205646135
        ],
        [
            "calc",
            40.150256409
        ],
        [
            "write",
            1.166617748
        ],
        [
            "comm",
            6.096989623
        ],
        [
            "calc",
            39.927713074
        ],
        [
            "write",
            1.153411507
        ],
        [
            "finalize",
            59.762693138
        ]
    ]
}
