{
    "version": "0.11.1",
    "nprocs": 1764,
    "topology": [
        1764
    ],
    "xnp": 42,
    "ynp": 42,
    "L": 344064,
    "chunkSizeX": 8192,
    "chunkSizeY": 8192,
    "collective": false,
    "iotype": "view",
    "sync": false,
    "validate": false,
    "steps": 640,
    "interval": 64,
    "fixedX": false,
    "fixedY": false,
    "initialOutput": false,
    "nfiles": 10,
    "fileSize": 947040288768,
    "totalWriteSizeByte": 9470402887680,
    "calcTimeSec": 392.946597284,
    "commTimeSec": 41.824329118,
    "writeTimeSec": 1198.456358474,
    "writeBandwidthByte": 7902167501.32,
    "initialTimeSec": 14.754496271,
    "finalizeTimeSec": 9.278136325,
    "phaseDurationsSec": [
        [
            "init",
            14.754496271
        ],
        [
            "comm",
            5.220458627
        ],
        [
            "calc",
            40.304129531
        ],
        [
            "write",
            83.968825578
        ],
        [
            "comm",
            9.681514517
        ],
        [
            "calc",
            39.782480401
        ],
        [
            "write",
            81.413416862
        ],
        [
            "comm",
            5.643531548
        ],
        [
            "calc",
            40.266160342
        ],
        [
            "write",
            128.714414797
        ],
        [
            "comm",
            4.861449228
        ],
        [
            "calc",
            40.294789002
        ],
        [
            "write",
            129.806613267
        ],
        [
            "comm",
            4.57920233
        ],
        [
            "calc",
            40.257631142
        ],
        [
            "write",
            129.260105858
        ],
        [
            "comm",
            4.096828955
        ],
        [
            "calc",
            40.285092525
        ],
        [
            "write",
            129.536707048
        ],
        [
            "comm",
            4.722641279
        ],
        [
            "calc",
            40.275464924
        ],
        [
            "write",
            130.112915087
        ],
        [
            "comm",
            3.438296584
        ],
        [
            "calc",
            40.257116587
        ],
        [
            "write",
            128.711346492
        ],
        [
            "comm",
            4.622897399
        ],
        [
            "calc",
            40.230458801
        ],
        [
            "write",
            129.431049102
        ],
        [
            "comm",
            5.304283138
        ],
        [
            "calc",
            40.258187752
        ],
        [
            "write",
            129.142529244
        ],
        [
            "finalize",
            9.278136325
        ]
    ]
}
