{
    "version": "0.11.1",
    "nprocs": 2352,
    "topology": [
        2352
    ],
    "xnp": 42,
    "ynp": 56,
    "L": 344064,
    "chunkSizeX": 8192,
    "chunkSizeY": 6144,
    "collective": false,
    "iotype": "view",
    "sync": false,
    "validate": false,
    "steps": 640,
    "interval": 64,
    "fixedX": false,
    "fixedY": false,
    "initialOutput": false,
    "nfiles": 10,
    "fileSize": 947040288768,
    "totalWriteSizeByte": 9470402887680,
    "calcTimeSec": 388.511223034,
    "commTimeSec": 48.480814035,
    "writeTimeSec": 2919.94079225,
    "writeBandwidthByte": 3243354424.45,
    "initialTimeSec": 18.22178946,
    "finalizeTimeSec": 12.142941676,
    "phaseDurationsSec": [
        [
            "init",
            18.22178946
        ],
        [
            "comm",
            4.849440543
        ],
        [
            "calc",
            40.202910597
        ],
        [
            "write",
            298.681525524
        ],
        [
            "comm",
            4.902232321
        ],
        [
            "calc",
            40.118648836
        ],
        [
            "write",
            312.987506807
        ],
        [
            "comm",
            5.509937586
        ],
        [
            "calc",
            39.931223135
        ],
        [
            "write",
            289.041662207
        ],
        [
            "comm",
            4.911109125
        ],
        [
            "calc",
            40.150670924
        ],
        [
            "write",
            291.968256892
        ],
        [
            "comm",
            5.629736745
        ],
        [
            "calc",
            40.204355445
        ],
        [
            "write",
            287.944817039
        ],
        [
            "comm",
            5.214746673
        ],
        [
            "calc",
            40.13139301
        ],
        [
            "write",
            279.637361808
        ],
        [
            "comm",
            4.40420078
        ],
        [
            "calc",
            39.937214512
        ],
        [
            "write",
            289.376016051
        ],
        [
            "comm",
            6.525171052
        ],
        [
            "calc",
            39.998506271
        ],
        [
            "write",
            295.211873913
        ],
        [
            "comm",
            6.700633766
        ],
        [
            "calc",
            40.239479305
        ],
        [
            "write",
            285.298914108
        ],
        [
            "comm",
            5.804848667
        ],
        [
            "calc",
            39.978756621
        ],
        [
            "write",
            290.719932994
        ],
        [
            "finalize",
            12.142941676
        ]
    ]
}
