{
    "version": "0.11.1",
    "nprocs": 768,
    "topology": [
        768
    ],
    "xnp": 24,
    "ynp": 32,
    "L": 196608,
    "chunkSizeX": 8192,
    "chunkSizeY": 6144,
    "collective": false,
    "iotype": "view",
    "sync": false,
    "validate": false,
    "steps": 640,
    "interval": 64,
    "fixedX": false,
    "fixedY": false,
    "initialOutput": false,
    "nfiles": 10,
    "fileSize": 309237645312,
    "totalWriteSizeByte": 3092376453120,
    "calcTimeSec": 393.160166502,
    "commTimeSec": 29.880878586,
    "writeTimeSec": 9.187017597,
    "writeBandwidthByte": 336602865997.54,
    "initialTimeSec": 31.018685936,
    "finalizeTimeSec": 59.949689934,
    "phaseDurationsSec": [
        [
            "init",
            31.018685936
        ],
        [
            "comm",
            2.99500511
        ],
        [
            "calc",
            39.873309081
        ],
        [
            "write",
            1.080426268
        ],
        [
            "comm",
            3.719934701
        ],
        [
            "calc",
            39.998247989
        ],
        [
            "write",
            0.983781322
        ],
        [
            "comm",
            3.349989687
        ],
        [
            "calc",
            40.047859667
        ],
        [
            "write",
            0.938774485
        ],
        [
            "comm",
            3.635647901
        ],
        [
            "calc",
            39.932904958
        ],
        [
            "write",
            0.958539878
        ],
        [
            "comm",
            3.525604728
        ],
        [
            "calc",
            40.07067794
        ],
        [
            "write",
            1.064175974
        ],
        [
            "comm",
            3.514384173
        ],
        [
            "calc",
            40.185036305
        ],
        [
            "write",
            0.996546063
        ],
        [
            "comm",
            2.784317261
        ],
        [
            "calc",
            39.877546443
        ],
        [
            "write",
            0.944024039
        ],
        [
            "comm",
            2.639367071
        ],
        [
            "calc",
            39.953684258
        ],
        [
            "write",
            0.922159105
        ],
        [
            "comm",
            3.376100177
        ],
        [
            "calc",
            40.09862471
        ],
        [
            "write",
            1.004267163
        ],
        [
            "comm",
            3.103334562
        ],
        [
            "calc",
            39.938821254
        ],
        [
            "write",
            0.987275142
        ],
        [
            "finalize",
            59.949689934
        ]
    ]
}
