{
    "version": "0.11.1",
    "nprocs": 2352,
    "topology": [
        2352
    ],
    "xnp": 42,
    "ynp": 56,
    "L": 344064,
    "chunkSizeX": 8192,
    "chunkSizeY": 6144,
    "collective": false,
    "iotype": "view",
    "sync": false,
    "validate": false,
    "steps": 640,
    "interval": 64,
    "fixedX": false,
    "fixedY": false,
    "initialOutput": false,
    "nfiles": 10,
    "fileSize": 947040288768,
    "totalWriteSizeByte": 9470402887680,
    "calcTimeSec": 391.887261303,
    "commTimeSec": 43.826519812,
    "writeTimeSec": 10.988425546,
    "writeBandwidthByte": 861852578245.61,
    "initialTimeSec": 33.822253153,
    "finalizeTimeSec": 62.021545127,
    "phaseDurationsSec": [
        [
            "init",
            33.822253153
        ],
        [
            "comm",
            5.789295083
        ],
        [
            "calc",
            40.085319306
        ],
        [
            "write",
            2.422774683
        ],
        [
            "comm",
            5.286456994
        ],
        [
            "calc",
            40.173023497
        ],
        [
            "write",
            1.063590232
        ],
        [
            "comm",
            4.356990952
        ],
        [
            "calc",
            40.113377837
        ],
        [
            "write",
            1.06462363
        ],
        [
            "comm",
            5.755933721
        ],
        [
            "calc",
            39.959341581
        ],
        [
            "write",
            1.153536411
        ],
        [
            "comm",
            4.99028709
        ],
        [
            "calc",
            40.074360146
        ],
        [
            "write",
            1.12093673
        ],
        [
            "comm",
            4.935209128
        ],
        [
            "calc",
            40.152068745
        ],
        [
            "write",
            1.06652077
        ],
        [
            "comm",
            5.061727666
        ],
        [
            "calc",
            40.140153285
        ],
        [
            "write",
            1.099505547
        ],
        [
            "comm",
            5.092318462
        ],
        [
            "calc",
            40.099440173
        ],
        [
            "write",
            1.031457244
        ],
        [
            "comm",
            4.400364714
        ],
        [
            "calc",
            39.942155031
        ],
        [
            "write",
            1.062398896
        ],
        [
            "comm",
            4.954387666
        ],
        [
            "calc",
            40.052025306
        ],
        [
            "write",
            1.043716434
        ],
        [
            "finalize",
            62.021545127
        ]
    ]
}
