{
    "version": "0.11.1",
    "nprocs": 900,
    "topology": [
        900
    ],
    "xnp": 30,
    "ynp": 30,
    "L": 245760,
    "chunkSizeX": 8192,
    "chunkSizeY": 8192,
    "collective": false,
    "iotype": "view",
    "sync": false,
    "validate": false,
    "steps": 640,
    "interval": 64,
    "fixedX": false,
    "fixedY": false,
    "initialOutput": false,
    "nfiles": 10,
    "fileSize": 483183820800,
    "totalWriteSizeByte": 4831838208000,
    "calcTimeSec": 392.36653536,
    "commTimeSec": 24.183987161,
    "writeTimeSec": 221.353889364,
    "writeBandwidthByte": 21828567014.94,
    "initialTimeSec": 11.672978493,
    "finalizeTimeSec": 9.22606385,
    "phaseDurationsSec": [
        [
            "init",
            11.672978493
        ],
        [
            "comm",
            3.106797914
        ],
        [
            "calc",
            40.303011161
        ],
        [
            "write",
            22.634059119
        ],
        [
            "comm",
            3.616518876
        ],
        [
            "calc",
            40.295804486
        ],
        [
            "write",
            22.274465125
        ],
        [
            "comm",
            3.237113518
        ],
        [
            "calc",
            40.275759899
        ],
        [
            "write",
            22.21319803
        ],
        [
            "comm",
            3.644548549
        ],
        [
            "calc",
            40.297639843
        ],
        [
            "write",
            22.253972736
        ],
        [
            "comm",
            3.051684216
        ],
        [
            "calc",
            40.312468456
        ],
        [
            "write",
            22.210576577
        ],
        [
            "comm",
            3.667220813
        ],
        [
            "calc",
            40.269072086
        ],
        [
            "write",
            22.202415681
        ],
        [
            "comm",
            2.9496706600000002
        ],
        [
            "calc",
            40.286901292
        ],
        [
            "write",
            22.131498303
        ],
        [
            "comm",
            3.653418044
        ],
        [
            "calc",
            40.302382097
        ],
        [
            "write",
            22.179877114
        ],
        [
            "comm",
            3.340196038
        ],
        [
            "calc",
            40.314979387
        ],
        [
            "write",
            22.070217395
        ],
        [
            "comm",
            3.413574279
        ],
        [
            "calc",
            40.284907651
        ],
        [
            "write",
            22.062165995
        ],
        [
            "finalize",
            9.22606385
        ]
    ]
}
