{
    "version": "0.11.1",
    "nprocs": 1200,
    "topology": [
        1200
    ],
    "xnp": 30,
    "ynp": 40,
    "L": 245760,
    "chunkSizeX": 8192,
    "chunkSizeY": 6144,
    "collective": false,
    "iotype": "view",
    "sync": false,
    "validate": false,
    "steps": 640,
    "interval": 64,
    "fixedX": false,
    "fixedY": false,
    "initialOutput": false,
    "nfiles": 10,
    "fileSize": 483183820800,
    "totalWriteSizeByte": 4831838208000,
    "calcTimeSec": 389.733068272,
    "commTimeSec": 25.449948691,
    "writeTimeSec": 233.418460667,
    "writeBandwidthByte": 20700325904.78,
    "initialTimeSec": 15.240724087,
    "finalizeTimeSec": 12.567772217,
    "phaseDurationsSec": [
        [
            "init",
            15.240724087
        ],
        [
            "comm",
            3.545994414
        ],
        [
            "calc",
            40.153715457
        ],
        [
            "write",
            23.514451925
        ],
        [
            "comm",
            3.102487973
        ],
        [
            "calc",
            40.093427314
        ],
        [
            "write",
            23.720289826
        ],
        [
            "comm",
            3.801859583
        ],
        [
            "calc",
            40.129158819
        ],
        [
            "write",
            23.92604639
        ],
        [
            "comm",
            3.204525704
        ],
        [
            "calc",
            40.14785193
        ],
        [
            "write",
            23.075083447
        ],
        [
            "comm",
            3.652365651
        ],
        [
            "calc",
            40.175952684
        ],
        [
            "write",
            23.638553437
        ],
        [
            "comm",
            3.157421742
        ],
        [
            "calc",
            40.058234144
        ],
        [
            "write",
            23.989928149
        ],
        [
            "comm",
            4.400093472
        ],
        [
            "calc",
            40.015587417
        ],
        [
            "write",
            23.07524211
        ],
        [
            "comm",
            3.196234546
        ],
        [
            "calc",
            39.929930744
        ],
        [
            "write",
            23.556576944
        ],
        [
            "comm",
            2.779245272
        ],
        [
            "calc",
            40.084721701
        ],
        [
            "write",
            22.895846881
        ],
        [
            "comm",
            3.593791106
        ],
        [
            "calc",
            39.924193594
        ],
        [
            "write",
            22.973974643
        ],
        [
            "finalize",
            12.567772217
        ]
    ]
}
