{
    "version": "0.11.1",
    "nprocs": 900,
    "topology": [
        900
    ],
    "xnp": 30,
    "ynp": 30,
    "L": 245760,
    "chunkSizeX": 8192,
    "chunkSizeY": 8192,
    "collective": false,
    "iotype": "view",
    "sync": false,
    "validate": false,
    "steps": 640,
    "interval": 64,
    "fixedX": false,
    "fixedY": false,
    "initialOutput": false,
    "nfiles": 10,
    "fileSize": 483183820800,
    "totalWriteSizeByte": 4831838208000,
    "calcTimeSec": 404.281855746,
    "commTimeSec": 31.797622556,
    "writeTimeSec": 62.594569429,
    "writeBandwidthByte": 77192610350.66,
    "initialTimeSec": 6.395270548,
    "finalizeTimeSec": 2.003447295,
    "phaseDurationsSec": [
        [
            "init",
            6.395270548
        ],
        [
            "comm",
            3.152134118
        ],
        [
            "calc",
            40.421694986
        ],
        [
            "write",
            7.389953127
        ],
        [
            "comm",
            3.217953474
        ],
        [
            "calc",
            40.433519959
        ],
        [
            "write",
            6.080121424
        ],
        [
            "comm",
            3.178095248
        ],
        [
            "calc",
            40.439905425
        ],
        [
            "write",
            6.237032109
        ],
        [
            "comm",
            3.191094266
        ],
        [
            "calc",
            40.438561513
        ],
        [
            "write",
            6.080741477
        ],
        [
            "comm",
            3.182879539
        ],
        [
            "calc",
            40.445220362
        ],
        [
            "write",
            6.106157537
        ],
        [
            "comm",
            3.183919796
        ],
        [
            "calc",
            40.445137011
        ],
        [
            "write",
            6.052618747
        ],
        [
            "comm",
            3.169013312
        ],
        [
            "calc",
            40.442162624
        ],
        [
            "write",
            6.27746606
        ],
        [
            "comm",
            3.188882278
        ],
        [
            "calc",
            40.449504828
        ],
        [
            "write",
            6.085255468
        ],
        [
            "comm",
            3.161491483
        ],
        [
            "calc",
            40.444770299
        ],
        [
            "write",
            6.128984916
        ],
        [
            "comm",
            3.172159042
        ],
        [
            "calc",
            40.445244146
        ],
        [
            "write",
            6.166741405
        ],
        [
            "finalize",
            2.003447295
        ]
    ]
}
