{
    "version": "0.11.1",
    "nprocs": 900,
    "topology": [
        900
    ],
    "xnp": 30,
    "ynp": 30,
    "L": 245760,
    "chunkSizeX": 8192,
    "chunkSizeY": 8192,
    "collective": false,
    "iotype": "view",
    "sync": false,
    "validate": false,
    "steps": 640,
    "interval": 64,
    "fixedX": false,
    "fixedY": false,
    "initialOutput": false,
    "nfiles": 10,
    "fileSize": 483183820800,
    "totalWriteSizeByte": 4831838208000,
    "calcTimeSec": 402.957083103,
    "commTimeSec": 44.689440141,
    "writeTimeSec": 34.750503081,
    "writeBandwidthByte": 139043690870.82,
    "initialTimeSec": 11.792427739,
    "finalizeTimeSec": 9.555050157,
    "phaseDurationsSec": [
        [
            "init",
            11.792427739
        ],
        [
            "comm",
            3.685231725
        ],
        [
            "calc",
            40.342563396
        ],
        [
            "write",
            3.997956539
        ],
        [
            "comm",
            4.63785666
        ],
        [
            "calc",
            40.370445257
        ],
        [
            "write",
            3.903639433
        ],
        [
            "comm",
            4.667766738
        ],
        [
            "calc",
            40.329280115
        ],
        [
            "write",
            3.643955999
        ],
        [
            "comm",
            5.111331067
        ],
        [
            "calc",
            40.354753977
        ],
        [
            "write",
            3.621531656
        ],
        [
            "comm",
            5.146176215
        ],
        [
            "calc",
            40.326848779
        ],
        [
            "write",
            3.836299454
        ],
        [
            "comm",
            5.153778717
        ],
        [
            "calc",
            40.326196528
        ],
        [
            "write",
            3.513928406
        ],
        [
            "comm",
            4.64142922
        ],
        [
            "calc",
            40.386045622
        ],
        [
            "write",
            3.568785606
        ],
        [
            "comm",
            4.886629272
        ],
        [
            "calc",
            40.327342547
        ],
        [
            "write",
            3.832470666
        ],
        [
            "comm",
            5.706901055
        ],
        [
            "calc",
            40.349696711
        ],
        [
            "write",
            3.697742731
        ],
        [
            "comm",
            4.801389876
        ],
        [
            "calc",
            40.318449829
        ],
        [
            "write",
            3.677319078
        ],
        [
            "finalize",
            9.555050157
        ]
    ]
}
