{
    "version": "0.11.1",
    "nprocs": 1200,
    "topology": [
        1200
    ],
    "xnp": 30,
    "ynp": 40,
    "L": 245760,
    "chunkSizeX": 8192,
    "chunkSizeY": 6144,
    "collective": false,
    "iotype": "view",
    "sync": false,
    "validate": false,
    "steps": 640,
    "interval": 64,
    "fixedX": false,
    "fixedY": false,
    "initialOutput": false,
    "nfiles": 10,
    "fileSize": 483183820800,
    "totalWriteSizeByte": 4831838208000,
    "calcTimeSec": 391.148333147,
    "commTimeSec": 29.211634194,
    "writeTimeSec": 9.441425908,
    "writeBandwidthByte": 511769965160.22,
    "initialTimeSec": 31.483358493,
    "finalizeTimeSec": 59.25355563,
    "phaseDurationsSec": [
        [
            "init",
            31.483358493
        ],
        [
            "comm",
            3.218444144
        ],
        [
            "calc",
            39.875131582
        ],
        [
            "write",
            1.169706275
        ],
        [
            "comm",
            3.916756649
        ],
        [
            "calc",
            39.975934073
        ],
        [
            "write",
            1.133987886
        ],
        [
            "comm",
            3.351170278
        ],
        [
            "calc",
            40.039964151
        ],
        [
            "write",
            1.012170781
        ],
        [
            "comm",
            3.401875126
        ],
        [
            "calc",
            39.832706697
        ],
        [
            "write",
            1.002931257
        ],
        [
            "comm",
            4.01281103
        ],
        [
            "calc",
            39.964904906
        ],
        [
            "write",
            1.003974004
        ],
        [
            "comm",
            3.266046544
        ],
        [
            "calc",
            40.043317604
        ],
        [
            "write",
            1.051269532
        ],
        [
            "comm",
            3.172564157
        ],
        [
            "calc",
            39.894825912
        ],
        [
            "write",
            0.945194835
        ],
        [
            "comm",
            4.806113383
        ],
        [
            "calc",
            39.986857229
        ],
        [
            "write",
            0.978673517
        ],
        [
            "comm",
            2.96612951
        ],
        [
            "calc",
            40.077058969
        ],
        [
            "write",
            0.9987027
        ],
        [
            "comm",
            3.552348201
        ],
        [
            "calc",
            39.885981914
        ],
        [
            "write",
            0.996849938
        ],
        [
            "finalize",
            59.25355563
        ]
    ]
}
