{
    "version": "0.11.1",
    "nprocs": 3072,
    "topology": [
        3072
    ],
    "xnp": 48,
    "ynp": 64,
    "L": 393216,
    "chunkSizeX": 8192,
    "chunkSizeY": 6144,
    "collective": false,
    "iotype": "view",
    "sync": false,
    "validate": false,
    "steps": 640,
    "interval": 64,
    "fixedX": false,
    "fixedY": false,
    "initialOutput": false,
    "nfiles": 10,
    "fileSize": 1236950581248,
    "totalWriteSizeByte": 12369505812480,
    "calcTimeSec": 385.338574509,
    "commTimeSec": 63.081143169,
    "writeTimeSec": 1571.920987888,
    "writeBandwidthByte": 7869037889.17,
    "initialTimeSec": 19.105651138,
    "finalizeTimeSec": 12.014792325,
    "phaseDurationsSec": [
        [
            "init",
            19.105651138
        ],
        [
            "comm",
            5.74468694
        ],
        [
            "calc",
            40.062079897
        ],
        [
            "write",
            112.241012594
        ],
        [
            "comm",
            14.725998315
        ],
        [
            "calc",
            38.861947887
        ],
        [
            "write",
            114.141701522
        ],
        [
            "comm",
            9.37299477
        ],
        [
            "calc",
            38.710463468
        ],
        [
            "write",
            168.89904943
        ],
        [
            "comm",
            5.692276756
        ],
        [
            "calc",
            40.164088843
        ],
        [
            "write",
            168.97454285
        ],
        [
            "comm",
            5.6038491
        ],
        [
            "calc",
            40.165337298
        ],
        [
            "write",
            168.915266399
        ],
        [
            "comm",
            7.89020015
        ],
        [
            "calc",
            40.236451453
        ],
        [
            "write",
            167.651541433
        ],
        [
            "comm",
            6.560005941
        ],
        [
            "calc",
            40.111968346
        ],
        [
            "write",
            166.971348928
        ],
        [
            "comm",
            6.206975215
        ],
        [
            "calc",
            40.254292108
        ],
        [
            "write",
            167.994815192
        ],
        [
            "comm",
            6.138927081
        ],
        [
            "calc",
            40.024118038
        ],
        [
            "write",
            168.085948839
        ],
        [
            "comm",
            6.055465656
        ],
        [
            "calc",
            40.240158279
        ],
        [
            "write",
            170.354032397
        ],
        [
            "finalize",
            12.014792325
        ]
    ]
}
