{
    "version": "0.11.1",
    "nprocs": 2304,
    "topology": [
        2304
    ],
    "xnp": 48,
    "ynp": 48,
    "L": 393216,
    "chunkSizeX": 8192,
    "chunkSizeY": 8192,
    "collective": false,
    "iotype": "view",
    "sync": false,
    "validate": false,
    "steps": 640,
    "interval": 64,
    "fixedX": false,
    "fixedY": false,
    "initialOutput": false,
    "nfiles": 10,
    "fileSize": 1236950581248,
    "totalWriteSizeByte": 12369505812480,
    "calcTimeSec": 395.016401726,
    "commTimeSec": 33.396498896,
    "writeTimeSec": 5788.948557424,
    "writeBandwidthByte": 2136744814.67,
    "initialTimeSec": 15.877943241,
    "finalizeTimeSec": 9.563512362,
    "phaseDurationsSec": [
        [
            "init",
            15.877943241
        ],
        [
            "comm",
            4.106368427
        ],
        [
            "calc",
            40.283162922
        ],
        [
            "write",
            548.914704074
        ],
        [
            "comm",
            6.018110148
        ],
        [
            "calc",
            40.291089569
        ],
        [
            "write",
            572.178484533
        ],
        [
            "comm",
            4.588996659
        ],
        [
            "calc",
            40.283951576
        ],
        [
            "write",
            563.254438966
        ],
        [
            "comm",
            4.178543361
        ],
        [
            "calc",
            40.270810029
        ],
        [
            "write",
            571.138574023
        ],
        [
            "comm",
            4.130334368
        ],
        [
            "calc",
            40.246223984
        ],
        [
            "write",
            582.455448365
        ],
        [
            "comm",
            3.644337578
        ],
        [
            "calc",
            40.287169166
        ],
        [
            "write",
            608.81724264
        ],
        [
            "comm",
            3.976725536
        ],
        [
            "calc",
            40.243408785
        ],
        [
            "write",
            594.476470922
        ],
        [
            "comm",
            4.734038082
        ],
        [
            "calc",
            40.318678581
        ],
        [
            "write",
            589.521986215
        ],
        [
            "comm",
            3.926180035
        ],
        [
            "calc",
            40.31115319
        ],
        [
            "write",
            581.031378909
        ],
        [
            "comm",
            4.81823357
        ],
        [
            "calc",
            40.310555164
        ],
        [
            "write",
            577.937989431
        ],
        [
            "finalize",
            9.563512362
        ]
    ]
}
