{
    "version": "0.11.1",
    "nprocs": 432,
    "topology": [
        432
    ],
    "xnp": 18,
    "ynp": 24,
    "L": 147456,
    "chunkSizeX": 8192,
    "chunkSizeY": 6144,
    "collective": false,
    "iotype": "view",
    "sync": false,
    "validate": false,
    "steps": 640,
    "interval": 64,
    "fixedX": false,
    "fixedY": false,
    "initialOutput": false,
    "nfiles": 10,
    "fileSize": 173946175488,
    "totalWriteSizeByte": 1739461754880,
    "calcTimeSec": 391.990562791,
    "commTimeSec": 22.201039175,
    "writeTimeSec": 9.020904648,
    "writeBandwidthByte": 192825644739.04,
    "initialTimeSec": 30.157282575,
    "finalizeTimeSec": 59.851768902,
    "phaseDurationsSec": [
        [
            "init",
            30.157282575
        ],
        [
            "comm",
            2.659207758
        ],
        [
            "calc",
            39.838702137
        ],
        [
            "write",
            1.011978872
        ],
        [
            "comm",
            2.631613402
        ],
        [
            "calc",
            40.018791909
        ],
        [
            "write",
            0.927334194
        ],
        [
            "comm",
            2.527128808
        ],
        [
            "calc",
            39.89667714
        ],
        [
            "write",
            0.90224656
        ],
        [
            "comm",
            2.862843658
        ],
        [
            "calc",
            39.877793822
        ],
        [
            "write",
            0.966185468
        ],
        [
            "comm",
            2.562603904
        ],
        [
            "calc",
            40.187784006
        ],
        [
            "write",
            0.912489176
        ],
        [
            "comm",
            2.645106966
        ],
        [
            "calc",
            39.987715811
        ],
        [
            "write",
            0.927193177
        ],
        [
            "comm",
            2.232341667
        ],
        [
            "calc",
            40.073150559
        ],
        [
            "write",
            0.907540655
        ],
        [
            "comm",
            2.275259838
        ],
        [
            "calc",
            40.015640318
        ],
        [
            "write",
            1.051063381
        ],
        [
            "comm",
            2.373428266
        ],
        [
            "calc",
            40.05819838
        ],
        [
            "write",
            0.938652868
        ],
        [
            "comm",
            2.583839794
        ],
        [
            "calc",
            39.879503241
        ],
        [
            "write",
            0.946224033
        ],
        [
            "finalize",
            59.851768902
        ]
    ]
}
