{
    "version": "0.11.1",
    "nprocs": 2352,
    "topology": [
        2352
    ],
    "xnp": 42,
    "ynp": 56,
    "L": 344064,
    "chunkSizeX": 8192,
    "chunkSizeY": 6144,
    "collective": false,
    "iotype": "view",
    "sync": false,
    "validate": false,
    "steps": 640,
    "interval": 64,
    "fixedX": false,
    "fixedY": false,
    "initialOutput": false,
    "nfiles": 10,
    "fileSize": 947040288768,
    "totalWriteSizeByte": 9470402887680,
    "calcTimeSec": 392.719142269,
    "commTimeSec": 36.62979962,
    "writeTimeSec": 10.222118324,
    "writeBandwidthByte": 926461872921.67,
    "initialTimeSec": 34.049562202,
    "finalizeTimeSec": 59.575161917,
    "phaseDurationsSec": [
        [
            "init",
            34.049562202
        ],
        [
            "comm",
            5.416708008
        ],
        [
            "calc",
            40.043236414
        ],
        [
            "write",
            1.363733248
        ],
        [
            "comm",
            4.734387426
        ],
        [
            "calc",
            40.086328268
        ],
        [
            "write",
            1.081498651
        ],
        [
            "comm",
            5.172622579
        ],
        [
            "calc",
            40.174262091
        ],
        [
            "write",
            1.090755218
        ],
        [
            "comm",
            4.99566466
        ],
        [
            "calc",
            40.107683567
        ],
        [
            "write",
            1.034240732
        ],
        [
            "comm",
            4.502235139
        ],
        [
            "calc",
            40.09284312
        ],
        [
            "write",
            1.066403117
        ],
        [
            "comm",
            4.536402977
        ],
        [
            "calc",
            40.128544131
        ],
        [
            "write",
            1.140494156
        ],
        [
            "comm",
            4.898197085
        ],
        [
            "calc",
            40.052433672
        ],
        [
            "write",
            1.12777028
        ],
        [
            "comm",
            5.823476078
        ],
        [
            "calc",
            39.953292903
        ],
        [
            "write",
            1.095228468
        ],
        [
            "comm",
            4.632664644
        ],
        [
            "calc",
            40.083382819
        ],
        [
            "write",
            1.054001049
        ],
        [
            "comm",
            4.884171379
        ],
        [
            "calc",
            39.988860731
        ],
        [
            "write",
            1.080031322
        ],
        [
            "finalize",
            59.575161917
        ]
    ]
}
