{
    "version": "0.11.1",
    "nprocs": 432,
    "topology": [
        432
    ],
    "xnp": 18,
    "ynp": 24,
    "L": 147456,
    "chunkSizeX": 8192,
    "chunkSizeY": 6144,
    "collective": false,
    "iotype": "view",
    "sync": false,
    "validate": false,
    "steps": 640,
    "interval": 64,
    "fixedX": false,
    "fixedY": false,
    "initialOutput": false,
    "nfiles": 10,
    "fileSize": 173946175488,
    "totalWriteSizeByte": 1739461754880,
    "calcTimeSec": 392.472285226,
    "commTimeSec": 21.326835196,
    "writeTimeSec": 8.800849894,
    "writeBandwidthByte": 197647019984.5,
    "initialTimeSec": 30.538431183,
    "finalizeTimeSec": 62.031637837,
    "phaseDurationsSec": [
        [
            "init",
            30.538431183
        ],
        [
            "comm",
            2.817334387
        ],
        [
            "calc",
            39.742844893
        ],
        [
            "write",
            0.971740343
        ],
        [
            "comm",
            2.402144915
        ],
        [
            "calc",
            39.978892409
        ],
        [
            "write",
            0.911238422
        ],
        [
            "comm",
            2.526672194
        ],
        [
            "calc",
            39.918397705
        ],
        [
            "write",
            0.924464128
        ],
        [
            "comm",
            2.488646754
        ],
        [
            "calc",
            39.753484052
        ],
        [
            "write",
            0.88979823
        ],
        [
            "comm",
            2.483005514
        ],
        [
            "calc",
            40.026692063
        ],
        [
            "write",
            0.923613451
        ],
        [
            "comm",
            2.944371059
        ],
        [
            "calc",
            39.852073604
        ],
        [
            "write",
            0.873315797
        ],
        [
            "comm",
            2.372715352
        ],
        [
            "calc",
            39.852465065
        ],
        [
            "write",
            0.896498738
        ],
        [
            "comm",
            2.211898978
        ],
        [
            "calc",
            40.076333891
        ],
        [
            "write",
            0.990013657
        ],
        [
            "comm",
            2.753128359
        ],
        [
            "calc",
            40.148106372
        ],
        [
            "write",
            0.936952298
        ],
        [
            "comm",
            2.677421886
        ],
        [
            "calc",
            39.916284836
        ],
        [
            "write",
            0.963336375
        ],
        [
            "finalize",
            62.031637837
        ]
    ]
}
