{
    "version": "0.11.1",
    "nprocs": 3072,
    "topology": [
        3072
    ],
    "xnp": 48,
    "ynp": 64,
    "L": 393216,
    "chunkSizeX": 8192,
    "chunkSizeY": 6144,
    "collective": false,
    "iotype": "view",
    "sync": false,
    "validate": false,
    "steps": 640,
    "interval": 64,
    "fixedX": false,
    "fixedY": false,
    "initialOutput": false,
    "nfiles": 10,
    "fileSize": 1236950581248,
    "totalWriteSizeByte": 12369505812480,
    "calcTimeSec": 392.21521762,
    "commTimeSec": 46.823421432,
    "writeTimeSec": 10.122735396,
    "writeBandwidthByte": 1221952894013.98,
    "initialTimeSec": 34.810407334,
    "finalizeTimeSec": 63.571245733,
    "phaseDurationsSec": [
        [
            "init",
            34.810407334
        ],
        [
            "comm",
            5.983855658
        ],
        [
            "calc",
            39.939714825
        ],
        [
            "write",
            1.372290531
        ],
        [
            "comm",
            4.917093457
        ],
        [
            "calc",
            39.941747027
        ],
        [
            "write",
            1.058842449
        ],
        [
            "comm",
            5.137517696
        ],
        [
            "calc",
            40.15154942
        ],
        [
            "write",
            1.131648622
        ],
        [
            "comm",
            4.337961444
        ],
        [
            "calc",
            39.907706075
        ],
        [
            "write",
            1.062821703
        ],
        [
            "comm",
            5.305614817
        ],
        [
            "calc",
            40.011892079
        ],
        [
            "write",
            1.08474687
        ],
        [
            "comm",
            5.835896377
        ],
        [
            "calc",
            40.160651103
        ],
        [
            "write",
            1.179580041
        ],
        [
            "comm",
            6.170574977
        ],
        [
            "calc",
            40.120549034
        ],
        [
            "write",
            1.103913103
        ],
        [
            "comm",
            6.001341374
        ],
        [
            "calc",
            40.048466163
        ],
        [
            "write",
            1.106771714
        ],
        [
            "comm",
            5.610909649
        ],
        [
            "calc",
            40.120540164
        ],
        [
            "write",
            1.090147559
        ],
        [
            "comm",
            5.364115392
        ],
        [
            "calc",
            40.117598263
        ],
        [
            "write",
            1.209199716
        ],
        [
            "finalize",
            63.571245733
        ]
    ]
}
