{
    "version": "0.11.1",
    "nprocs": 2304,
    "topology": [
        2304
    ],
    "xnp": 48,
    "ynp": 48,
    "L": 393216,
    "chunkSizeX": 8192,
    "chunkSizeY": 8192,
    "collective": false,
    "iotype": "view",
    "sync": false,
    "validate": false,
    "steps": 640,
    "interval": 64,
    "fixedX": false,
    "fixedY": false,
    "initialOutput": false,
    "nfiles": 10,
    "fileSize": 1236950581248,
    "totalWriteSizeByte": 12369505812480,
    "calcTimeSec": 403.344114433,
    "commTimeSec": 48.759870113,
    "writeTimeSec": 86.474908641,
    "writeBandwidthByte": 143041559764.25,
    "initialTimeSec": 9.533716728,
    "finalizeTimeSec": 3.345276299,
    "phaseDurationsSec": [
        [
            "init",
            9.533716728
        ],
        [
            "comm",
            5.570135798
        ],
        [
            "calc",
            40.336718161
        ],
        [
            "write",
            27.964124548
        ],
        [
            "comm",
            4.625185268
        ],
        [
            "calc",
            40.347349649
        ],
        [
            "write",
            6.539723941
        ],
        [
            "comm",
            5.203399264
        ],
        [
            "calc",
            40.35016438
        ],
        [
            "write",
            6.633708743
        ],
        [
            "comm",
            4.818299595
        ],
        [
            "calc",
            40.338746589
        ],
        [
            "write",
            6.717939097
        ],
        [
            "comm",
            5.105230481
        ],
        [
            "calc",
            40.344198294
        ],
        [
            "write",
            6.487082326
        ],
        [
            "comm",
            4.651183438
        ],
        [
            "calc",
            40.337305755
        ],
        [
            "write",
            6.43264855
        ],
        [
            "comm",
            4.886729536
        ],
        [
            "calc",
            40.341484895
        ],
        [
            "write",
            6.554064363
        ],
        [
            "comm",
            4.718049229
        ],
        [
            "calc",
            40.333222626
        ],
        [
            "write",
            6.713868705
        ],
        [
            "comm",
            4.909487824
        ],
        [
            "calc",
            40.362753375
        ],
        [
            "write",
            6.410454558
        ],
        [
            "comm",
            4.777889012
        ],
        [
            "calc",
            40.338720889
        ],
        [
            "write",
            6.48925238
        ],
        [
            "finalize",
            3.345276299
        ]
    ]
}
