{
    "version": "0.11.1",
    "nprocs": 2304,
    "topology": [
        2304
    ],
    "xnp": 48,
    "ynp": 48,
    "L": 393216,
    "chunkSizeX": 8192,
    "chunkSizeY": 8192,
    "collective": false,
    "iotype": "view",
    "sync": false,
    "validate": false,
    "steps": 640,
    "interval": 64,
    "fixedX": false,
    "fixedY": false,
    "initialOutput": false,
    "nfiles": 10,
    "fileSize": 1236950581248,
    "totalWriteSizeByte": 12369505812480,
    "calcTimeSec": 393.000283929,
    "commTimeSec": 34.877921317,
    "writeTimeSec": 213.96341872,
    "writeBandwidthByte": 57811311328.26,
    "initialTimeSec": 15.95235276,
    "finalizeTimeSec": 9.673192599,
    "phaseDurationsSec": [
        [
            "init",
            15.95235276
        ],
        [
            "comm",
            4.322758462
        ],
        [
            "calc",
            40.358013871
        ],
        [
            "write",
            21.935176367
        ],
        [
            "comm",
            4.078119063
        ],
        [
            "calc",
            40.300928432
        ],
        [
            "write",
            21.674650787
        ],
        [
            "comm",
            5.655542311
        ],
        [
            "calc",
            40.302649996
        ],
        [
            "write",
            21.646827363
        ],
        [
            "comm",
            4.438413914
        ],
        [
            "calc",
            40.328860849
        ],
        [
            "write",
            21.425878768
        ],
        [
            "comm",
            4.211601643
        ],
        [
            "calc",
            40.318708586
        ],
        [
            "write",
            21.499194964
        ],
        [
            "comm",
            3.830053789
        ],
        [
            "calc",
            40.300474489
        ],
        [
            "write",
            21.396389553
        ],
        [
            "comm",
            3.591892025
        ],
        [
            "calc",
            40.283958399
        ],
        [
            "write",
            21.417653011
        ],
        [
            "comm",
            4.585196053
        ],
        [
            "calc",
            40.29215615
        ],
        [
            "write",
            21.355238705
        ],
        [
            "comm",
            4.423776847
        ],
        [
            "calc",
            40.313708144
        ],
        [
            "write",
            21.318140543
        ],
        [
            "comm",
            4.333584501
        ],
        [
            "calc",
            40.327419089
        ],
        [
            "write",
            21.497777648
        ],
        [
            "finalize",
            9.673192599
        ]
    ]
}
