{
    "version": "0.11.1",
    "nprocs": 3072,
    "topology": [
        3072
    ],
    "xnp": 48,
    "ynp": 64,
    "L": 393216,
    "chunkSizeX": 8192,
    "chunkSizeY": 6144,
    "collective": false,
    "iotype": "view",
    "sync": false,
    "validate": false,
    "steps": 640,
    "interval": 64,
    "fixedX": false,
    "fixedY": false,
    "initialOutput": false,
    "nfiles": 10,
    "fileSize": 1236950581248,
    "totalWriteSizeByte": 12369505812480,
    "calcTimeSec": 388.067294671,
    "commTimeSec": 50.962330715,
    "writeTimeSec": 231.242189382,
    "writeBandwidthByte": 53491561576.79,
    "initialTimeSec": 19.910895707,
    "finalizeTimeSec": 12.522462449,
    "phaseDurationsSec": [
        [
            "init",
            19.910895707
        ],
        [
            "comm",
            5.548740836
        ],
        [
            "calc",
            40.234107991
        ],
        [
            "write",
            22.97046543
        ],
        [
            "comm",
            4.827689404
        ],
        [
            "calc",
            40.187773707
        ],
        [
            "write",
            23.381756691
        ],
        [
            "comm",
            7.260480245
        ],
        [
            "calc",
            39.826989481
        ],
        [
            "write",
            23.441612696
        ],
        [
            "comm",
            5.915916676
        ],
        [
            "calc",
            40.092226062
        ],
        [
            "write",
            23.36072547
        ],
        [
            "comm",
            5.674980187
        ],
        [
            "calc",
            40.098736577
        ],
        [
            "write",
            23.247924899
        ],
        [
            "comm",
            6.03386722
        ],
        [
            "calc",
            39.96391497
        ],
        [
            "write",
            24.061323896
        ],
        [
            "comm",
            6.061230107
        ],
        [
            "calc",
            40.026332256
        ],
        [
            "write",
            23.112532712
        ],
        [
            "comm",
            5.853376393
        ],
        [
            "calc",
            39.804432007
        ],
        [
            "write",
            22.882022103
        ],
        [
            "comm",
            8.797864901
        ],
        [
            "calc",
            40.059166632
        ],
        [
            "write",
            24.215646528
        ],
        [
            "comm",
            5.306015033
        ],
        [
            "calc",
            40.006136902
        ],
        [
            "write",
            22.664024983
        ],
        [
            "finalize",
            12.522462449
        ]
    ]
}
