{
    "version": "0.11.1",
    "nprocs": 1296,
    "topology": [
        1296
    ],
    "xnp": 36,
    "ynp": 36,
    "L": 294912,
    "chunkSizeX": 8192,
    "chunkSizeY": 8192,
    "collective": false,
    "iotype": "view",
    "sync": false,
    "validate": false,
    "steps": 640,
    "interval": 64,
    "fixedX": false,
    "fixedY": false,
    "initialOutput": false,
    "nfiles": 10,
    "fileSize": 695784701952,
    "totalWriteSizeByte": 6957847019520,
    "calcTimeSec": 400.408260011,
    "commTimeSec": 28.014774541,
    "writeTimeSec": 8.834421021,
    "writeBandwidthByte": 787583815960.41,
    "initialTimeSec": 23.108359301,
    "finalizeTimeSec": 58.668198053,
    "phaseDurationsSec": [
        [
            "init",
            23.108359301
        ],
        [
            "comm",
            4.968488696
        ],
        [
            "calc",
            40.301372461
        ],
        [
            "write",
            1.063648298
        ],
        [
            "comm",
            4.668046117
        ],
        [
            "calc",
            40.287595293
        ],
        [
            "write",
            1.05640171
        ],
        [
            "comm",
            3.337208162
        ],
        [
            "calc",
            40.149707426
        ],
        [
            "write",
            0.890737159
        ],
        [
            "comm",
            2.277059332
        ],
        [
            "calc",
            40.274929956
        ],
        [
            "write",
            0.897033675
        ],
        [
            "comm",
            2.172092695
        ],
        [
            "calc",
            40.277043257
        ],
        [
            "write",
            0.8928871
        ],
        [
            "comm",
            2.209060782
        ],
        [
            "calc",
            40.284661077
        ],
        [
            "write",
            0.891383178
        ],
        [
            "comm",
            2.210993713
        ],
        [
            "calc",
            40.282805685
        ],
        [
            "write",
            0.893263729
        ],
        [
            "comm",
            2.219159746
        ],
        [
            "calc",
            40.278243236
        ],
        [
            "write",
            0.894677028
        ],
        [
            "comm",
            2.204154254
        ],
        [
            "calc",
            40.285265201
        ],
        [
            "write",
            0.889576113
        ],
        [
            "comm",
            2.204592239
        ],
        [
            "calc",
            40.287058461
        ],
        [
            "write",
            0.899191288
        ],
        [
            "finalize",
            58.668198053
        ]
    ]
}
