{
    "version": "0.11.1",
    "nprocs": 144,
    "topology": [
        144
    ],
    "xnp": 12,
    "ynp": 12,
    "L": 98304,
    "chunkSizeX": 8192,
    "chunkSizeY": 8192,
    "collective": false,
    "iotype": "view",
    "sync": false,
    "validate": false,
    "steps": 640,
    "interval": 64,
    "fixedX": false,
    "fixedY": false,
    "initialOutput": false,
    "nfiles": 10,
    "fileSize": 77309411328,
    "totalWriteSizeByte": 773094113280,
    "calcTimeSec": 395.885895317,
    "commTimeSec": 17.516801212,
    "writeTimeSec": 218.68412931,
    "writeBandwidthByte": 3535209051.15,
    "initialTimeSec": 11.085863659,
    "finalizeTimeSec": 7.358272919,
    "phaseDurationsSec": [
        [
            "init",
            11.085863659
        ],
        [
            "comm",
            2.470316695
        ],
        [
            "calc",
            40.293569153
        ],
        [
            "write",
            21.910360871
        ],
        [
            "comm",
            2.79601502
        ],
        [
            "calc",
            40.318766579
        ],
        [
            "write",
            21.846218492
        ],
        [
            "comm",
            2.222009748
        ],
        [
            "calc",
            40.296048031
        ],
        [
            "write",
            21.891325711
        ],
        [
            "comm",
            2.78742386
        ],
        [
            "calc",
            40.292325644
        ],
        [
            "write",
            21.887445822
        ],
        [
            "comm",
            2.730282991
        ],
        [
            "calc",
            40.364046761
        ],
        [
            "write",
            21.744209252
        ],
        [
            "comm",
            1.594083568
        ],
        [
            "calc",
            40.138388641
        ],
        [
            "write",
            21.883145215
        ],
        [
            "comm",
            2.434908225
        ],
        [
            "calc",
            40.336831846
        ],
        [
            "write",
            21.910246531
        ],
        [
            "comm",
            1.402580138
        ],
        [
            "calc",
            40.145408073
        ],
        [
            "write",
            21.99438122
        ],
        [
            "comm",
            1.800562123
        ],
        [
            "calc",
            40.038246918
        ],
        [
            "write",
            22.065343718
        ],
        [
            "comm",
            2.448876374
        ],
        [
            "calc",
            40.214190426
        ],
        [
            "write",
            21.734555885
        ],
        [
            "finalize",
            7.358272919
        ]
    ]
}
