{
    "version": "0.11.1",
    "nprocs": 192,
    "topology": [
        192
    ],
    "xnp": 12,
    "ynp": 16,
    "L": 98304,
    "chunkSizeX": 8192,
    "chunkSizeY": 6144,
    "collective": false,
    "iotype": "view",
    "sync": false,
    "validate": false,
    "steps": 640,
    "interval": 64,
    "fixedX": false,
    "fixedY": false,
    "initialOutput": false,
    "nfiles": 10,
    "fileSize": 77309411328,
    "totalWriteSizeByte": 773094113280,
    "calcTimeSec": 390.961738423,
    "commTimeSec": 18.183278495,
    "writeTimeSec": 221.502898701,
    "writeBandwidthByte": 3490221201.68,
    "initialTimeSec": 14.660393461,
    "finalizeTimeSec": 11.932819435,
    "phaseDurationsSec": [
        [
            "init",
            14.660393461
        ],
        [
            "comm",
            1.991990341
        ],
        [
            "calc",
            39.941899555
        ],
        [
            "write",
            22.191115544
        ],
        [
            "comm",
            2.041038644
        ],
        [
            "calc",
            39.968051181
        ],
        [
            "write",
            22.133401793
        ],
        [
            "comm",
            2.137713131
        ],
        [
            "calc",
            40.070736185
        ],
        [
            "write",
            22.072403902
        ],
        [
            "comm",
            2.294469369
        ],
        [
            "calc",
            40.017377371
        ],
        [
            "write",
            22.053492838
        ],
        [
            "comm",
            2.760432743
        ],
        [
            "calc",
            39.815941655
        ],
        [
            "write",
            22.242404453
        ],
        [
            "comm",
            1.726359803
        ],
        [
            "calc",
            40.043274003
        ],
        [
            "write",
            22.389793991
        ],
        [
            "comm",
            2.134759526
        ],
        [
            "calc",
            40.122302293
        ],
        [
            "write",
            22.415118891
        ],
        [
            "comm",
            2.080377972
        ],
        [
            "calc",
            40.021357933
        ],
        [
            "write",
            22.185260244
        ],
        [
            "comm",
            1.953896635
        ],
        [
            "calc",
            40.119485424
        ],
        [
            "write",
            22.114126541
        ],
        [
            "comm",
            1.903258603
        ],
        [
            "calc",
            40.244048991
        ],
        [
            "write",
            22.039889841
        ],
        [
            "finalize",
            11.932819435
        ]
    ]
}
