{
    "version": "0.11.1",
    "nprocs": 1764,
    "topology": [
        1764
    ],
    "xnp": 42,
    "ynp": 42,
    "L": 344064,
    "chunkSizeX": 8192,
    "chunkSizeY": 8192,
    "collective": false,
    "iotype": "view",
    "sync": false,
    "validate": false,
    "steps": 640,
    "interval": 64,
    "fixedX": false,
    "fixedY": false,
    "initialOutput": false,
    "nfiles": 10,
    "fileSize": 947040288768,
    "totalWriteSizeByte": 9470402887680,
    "calcTimeSec": 398.710529436,
    "commTimeSec": 73.453984549,
    "writeTimeSec": 49.310566581,
    "writeBandwidthByte": 192056257802.75,
    "initialTimeSec": 12.118870377,
    "finalizeTimeSec": 8.655291544,
    "phaseDurationsSec": [
        [
            "init",
            12.118870377
        ],
        [
            "comm",
            7.6373416690000004
        ],
        [
            "calc",
            40.410403793
        ],
        [
            "write",
            5.949369163
        ],
        [
            "comm",
            8.565215728
        ],
        [
            "calc",
            40.222841589
        ],
        [
            "write",
            6.243715395
        ],
        [
            "comm",
            8.962138789
        ],
        [
            "calc",
            39.987528716999996
        ],
        [
            "write",
            6.15235404
        ],
        [
            "comm",
            8.356766072
        ],
        [
            "calc",
            40.275963036
        ],
        [
            "write",
            5.958544925
        ],
        [
            "comm",
            8.482220646
        ],
        [
            "calc",
            40.053251829
        ],
        [
            "write",
            6.05009539
        ],
        [
            "comm",
            7.672992024
        ],
        [
            "calc",
            40.264053383
        ],
        [
            "write",
            6.174306147
        ],
        [
            "comm",
            9.10948223
        ],
        [
            "calc",
            40.155724754
        ],
        [
            "write",
            6.066850365
        ],
        [
            "comm",
            9.88374876
        ],
        [
            "calc",
            40.253791086
        ],
        [
            "write",
            5.670961085
        ],
        [
            "comm",
            8.09195471
        ],
        [
            "calc",
            40.239861603
        ],
        [
            "write",
            5.753840598
        ],
        [
            "comm",
            8.029604023
        ],
        [
            "calc",
            40.070883752
        ],
        [
            "write",
            5.736508264
        ],
        [
            "finalize",
            8.655291544
        ]
    ]
}
