{
    "version": "0.11.1",
    "nprocs": 768,
    "topology": [
        768
    ],
    "xnp": 24,
    "ynp": 32,
    "L": 196608,
    "chunkSizeX": 8192,
    "chunkSizeY": 6144,
    "collective": false,
    "iotype": "view",
    "sync": false,
    "validate": false,
    "steps": 640,
    "interval": 64,
    "fixedX": false,
    "fixedY": false,
    "initialOutput": false,
    "nfiles": 10,
    "fileSize": 309237645312,
    "totalWriteSizeByte": 3092376453120,
    "calcTimeSec": 399.518217994,
    "commTimeSec": 35.998320803,
    "writeTimeSec": 446.639961672,
    "writeBandwidthByte": 6923644811.23,
    "initialTimeSec": 8.414780545,
    "finalizeTimeSec": 2.096808182,
    "phaseDurationsSec": [
        [
            "init",
            8.414780545
        ],
        [
            "comm",
            2.8601572
        ],
        [
            "calc",
            40.197154661
        ],
        [
            "write",
            35.924157576
        ],
        [
            "comm",
            3.430473278
        ],
        [
            "calc",
            40.075441881
        ],
        [
            "write",
            46.729094023
        ],
        [
            "comm",
            4.477075881
        ],
        [
            "calc",
            39.606446434
        ],
        [
            "write",
            96.758783871
        ],
        [
            "comm",
            4.171027919
        ],
        [
            "calc",
            39.947732206
        ],
        [
            "write",
            37.142327064
        ],
        [
            "comm",
            3.074391489
        ],
        [
            "calc",
            40.016321669
        ],
        [
            "write",
            35.624727713
        ],
        [
            "comm",
            3.27606516
        ],
        [
            "calc",
            39.942298311
        ],
        [
            "write",
            88.253324783
        ],
        [
            "comm",
            3.582921379
        ],
        [
            "calc",
            39.944443919
        ],
        [
            "write",
            33.84397075
        ],
        [
            "comm",
            2.865915471
        ],
        [
            "calc",
            40.101678046
        ],
        [
            "write",
            20.591289541
        ],
        [
            "comm",
            5.453963037
        ],
        [
            "calc",
            39.758685336
        ],
        [
            "write",
            33.335507077
        ],
        [
            "comm",
            3.647311093
        ],
        [
            "calc",
            40.194508696
        ],
        [
            "write",
            19.285498546
        ],
        [
            "finalize",
            2.096808182
        ]
    ]
}
