{
    "version": "0.11.1",
    "nprocs": 1296,
    "topology": [
        1296
    ],
    "xnp": 36,
    "ynp": 36,
    "L": 294912,
    "chunkSizeX": 8192,
    "chunkSizeY": 8192,
    "collective": false,
    "iotype": "view",
    "sync": false,
    "validate": false,
    "steps": 640,
    "interval": 64,
    "fixedX": false,
    "fixedY": false,
    "initialOutput": false,
    "nfiles": 10,
    "fileSize": 695784701952,
    "totalWriteSizeByte": 6957847019520,
    "calcTimeSec": 403.286206359,
    "commTimeSec": 46.434650223,
    "writeTimeSec": 78.775662111,
    "writeBandwidthByte": 88324830703.62,
    "initialTimeSec": 7.695115526,
    "finalizeTimeSec": 2.464108712,
    "phaseDurationsSec": [
        [
            "init",
            7.695115526
        ],
        [
            "comm",
            4.517650799
        ],
        [
            "calc",
            40.325659714
        ],
        [
            "write",
            27.891365112
        ],
        [
            "comm",
            4.747205849
        ],
        [
            "calc",
            40.331535574
        ],
        [
            "write",
            5.718034987
        ],
        [
            "comm",
            4.701733419
        ],
        [
            "calc",
            40.335807256
        ],
        [
            "write",
            5.763059827
        ],
        [
            "comm",
            4.538386201
        ],
        [
            "calc",
            40.328630525
        ],
        [
            "write",
            5.634128368
        ],
        [
            "comm",
            4.675909854
        ],
        [
            "calc",
            40.326192184
        ],
        [
            "write",
            5.626288555
        ],
        [
            "comm",
            4.607104825
        ],
        [
            "calc",
            40.326666326
        ],
        [
            "write",
            5.602169529
        ],
        [
            "comm",
            4.638652611
        ],
        [
            "calc",
            40.3296173
        ],
        [
            "write",
            5.508112101
        ],
        [
            "comm",
            4.644673813
        ],
        [
            "calc",
            40.326606505
        ],
        [
            "write",
            5.606493491
        ],
        [
            "comm",
            4.669143443
        ],
        [
            "calc",
            40.32697545
        ],
        [
            "write",
            5.681895586
        ],
        [
            "comm",
            4.694189409
        ],
        [
            "calc",
            40.328515525
        ],
        [
            "write",
            5.750399236
        ],
        [
            "finalize",
            2.464108712
        ]
    ]
}
