{
    "version": "0.11.1",
    "nprocs": 2352,
    "topology": [
        2352
    ],
    "xnp": 42,
    "ynp": 56,
    "L": 344064,
    "chunkSizeX": 8192,
    "chunkSizeY": 6144,
    "collective": false,
    "iotype": "view",
    "sync": false,
    "validate": false,
    "steps": 640,
    "interval": 64,
    "fixedX": false,
    "fixedY": false,
    "initialOutput": false,
    "nfiles": 10,
    "fileSize": 947040288768,
    "totalWriteSizeByte": 9470402887680,
    "calcTimeSec": 387.922399432,
    "commTimeSec": 34.363923421,
    "writeTimeSec": 224.343455736,
    "writeBandwidthByte": 42213858463.62,
    "initialTimeSec": 18.514277037,
    "finalizeTimeSec": 11.62908977,
    "phaseDurationsSec": [
        [
            "init",
            18.514277037
        ],
        [
            "comm",
            4.07727558
        ],
        [
            "calc",
            40.07609183
        ],
        [
            "write",
            22.849277619
        ],
        [
            "comm",
            5.083506994
        ],
        [
            "calc",
            39.999660677
        ],
        [
            "write",
            22.424038716
        ],
        [
            "comm",
            4.268050959
        ],
        [
            "calc",
            40.030099338
        ],
        [
            "write",
            22.515555529
        ],
        [
            "comm",
            4.069471455
        ],
        [
            "calc",
            39.971354687
        ],
        [
            "write",
            22.428240951
        ],
        [
            "comm",
            4.02731664
        ],
        [
            "calc",
            39.92918286
        ],
        [
            "write",
            22.532838008
        ],
        [
            "comm",
            5.208893388
        ],
        [
            "calc",
            39.950651991
        ],
        [
            "write",
            22.585787349
        ],
        [
            "comm",
            4.981271658
        ],
        [
            "calc",
            40.126434842
        ],
        [
            "write",
            22.497024707
        ],
        [
            "comm",
            4.568921218
        ],
        [
            "calc",
            40.192169929
        ],
        [
            "write",
            22.424721949
        ],
        [
            "comm",
            3.796497037
        ],
        [
            "calc",
            40.176874594
        ],
        [
            "write",
            22.609110184
        ],
        [
            "comm",
            3.540860384
        ],
        [
            "calc",
            40.123947957
        ],
        [
            "write",
            22.541063561
        ],
        [
            "finalize",
            11.62908977
        ]
    ]
}
