{
    "version": "0.11.1",
    "nprocs": 1764,
    "topology": [
        1764
    ],
    "xnp": 42,
    "ynp": 42,
    "L": 344064,
    "chunkSizeX": 8192,
    "chunkSizeY": 8192,
    "collective": false,
    "iotype": "view",
    "sync": false,
    "validate": false,
    "steps": 640,
    "interval": 64,
    "fixedX": false,
    "fixedY": false,
    "initialOutput": false,
    "nfiles": 10,
    "fileSize": 947040288768,
    "totalWriteSizeByte": 9470402887680,
    "calcTimeSec": 394.407957769,
    "commTimeSec": 31.577783678,
    "writeTimeSec": 212.593326067,
    "writeBandwidthByte": 44547037589.95,
    "initialTimeSec": 14.182449902,
    "finalizeTimeSec": 8.792355652,
    "phaseDurationsSec": [
        [
            "init",
            14.182449902
        ],
        [
            "comm",
            4.391004775
        ],
        [
            "calc",
            40.352699244
        ],
        [
            "write",
            21.403074134
        ],
        [
            "comm",
            3.198188975
        ],
        [
            "calc",
            40.282404303
        ],
        [
            "write",
            21.223643561
        ],
        [
            "comm",
            4.055810678
        ],
        [
            "calc",
            40.261311435
        ],
        [
            "write",
            21.358912093
        ],
        [
            "comm",
            3.514503309
        ],
        [
            "calc",
            40.275334784
        ],
        [
            "write",
            21.435023172
        ],
        [
            "comm",
            5.017000943
        ],
        [
            "calc",
            40.288273138
        ],
        [
            "write",
            21.541169046
        ],
        [
            "comm",
            3.905108219
        ],
        [
            "calc",
            40.296756269
        ],
        [
            "write",
            21.400210274
        ],
        [
            "comm",
            4.277703841
        ],
        [
            "calc",
            40.276300331
        ],
        [
            "write",
            21.256523511
        ],
        [
            "comm",
            3.499185377
        ],
        [
            "calc",
            40.288934217
        ],
        [
            "write",
            21.219165405
        ],
        [
            "comm",
            5.336722763
        ],
        [
            "calc",
            40.282134451
        ],
        [
            "write",
            21.27767484
        ],
        [
            "comm",
            3.81605751
        ],
        [
            "calc",
            40.269144188
        ],
        [
            "write",
            21.340938091
        ],
        [
            "finalize",
            8.792355652
        ]
    ]
}
