{
    "version": "0.11.1",
    "nprocs": 1728,
    "topology": [
        1728
    ],
    "xnp": 36,
    "ynp": 48,
    "L": 294912,
    "chunkSizeX": 8192,
    "chunkSizeY": 6144,
    "collective": false,
    "iotype": "view",
    "sync": false,
    "validate": false,
    "steps": 640,
    "interval": 64,
    "fixedX": false,
    "fixedY": false,
    "initialOutput": false,
    "nfiles": 10,
    "fileSize": 695784701952,
    "totalWriteSizeByte": 6957847019520,
    "calcTimeSec": 393.090718838,
    "commTimeSec": 32.566952745,
    "writeTimeSec": 9.451179848,
    "writeBandwidthByte": 736188193582.24,
    "initialTimeSec": 32.573549121,
    "finalizeTimeSec": 58.172850085,
    "phaseDurationsSec": [
        [
            "init",
            32.573549121
        ],
        [
            "comm",
            3.858776417
        ],
        [
            "calc",
            39.926581064
        ],
        [
            "write",
            1.136991974
        ],
        [
            "comm",
            4.238619632
        ],
        [
            "calc",
            39.823145876
        ],
        [
            "write",
            1.096718443
        ],
        [
            "comm",
            3.538274213
        ],
        [
            "calc",
            40.213548564
        ],
        [
            "write",
            1.054403575
        ],
        [
            "comm",
            4.614284463
        ],
        [
            "calc",
            39.950789927
        ],
        [
            "write",
            0.99714227
        ],
        [
            "comm",
            4.175999567
        ],
        [
            "calc",
            40.181481479
        ],
        [
            "write",
            0.973284511
        ],
        [
            "comm",
            4.87246725
        ],
        [
            "calc",
            40.085727985
        ],
        [
            "write",
            1.021788673
        ],
        [
            "comm",
            3.561661373
        ],
        [
            "calc",
            40.034293902
        ],
        [
            "write",
            1.002235451
        ],
        [
            "comm",
            3.140434495
        ],
        [
            "calc",
            40.016544674
        ],
        [
            "write",
            1.059254072
        ],
        [
            "comm",
            3.588970463
        ],
        [
            "calc",
            40.105526157
        ],
        [
            "write",
            0.97479193
        ],
        [
            "comm",
            4.822806171
        ],
        [
            "calc",
            39.998469925
        ],
        [
            "write",
            1.076565505
        ],
        [
            "finalize",
            58.172850085
        ]
    ]
}
