{
    "version": "0.11.1",
    "nprocs": 1200,
    "topology": [
        1200
    ],
    "xnp": 30,
    "ynp": 40,
    "L": 245760,
    "chunkSizeX": 8192,
    "chunkSizeY": 6144,
    "collective": false,
    "iotype": "view",
    "sync": false,
    "validate": false,
    "steps": 640,
    "interval": 64,
    "fixedX": false,
    "fixedY": false,
    "initialOutput": false,
    "nfiles": 10,
    "fileSize": 483183820800,
    "totalWriteSizeByte": 4831838208000,
    "calcTimeSec": 392.33627335,
    "commTimeSec": 27.611180957,
    "writeTimeSec": 9.277259163,
    "writeBandwidthByte": 520826046045.0,
    "initialTimeSec": 31.406884847,
    "finalizeTimeSec": 59.604238318,
    "phaseDurationsSec": [
        [
            "init",
            31.406884847
        ],
        [
            "comm",
            2.900415478
        ],
        [
            "calc",
            39.925131103
        ],
        [
            "write",
            1.121569316
        ],
        [
            "comm",
            3.320250876
        ],
        [
            "calc",
            39.912841718
        ],
        [
            "write",
            1.124595791
        ],
        [
            "comm",
            3.396886426
        ],
        [
            "calc",
            40.131775898
        ],
        [
            "write",
            0.990820863
        ],
        [
            "comm",
            3.358308363
        ],
        [
            "calc",
            39.925043662
        ],
        [
            "write",
            1.038464474
        ],
        [
            "comm",
            3.600885227
        ],
        [
            "calc",
            39.960034536
        ],
        [
            "write",
            0.953318828
        ],
        [
            "comm",
            4.150345334
        ],
        [
            "calc",
            40.109291279
        ],
        [
            "write",
            1.016720638
        ],
        [
            "comm",
            3.103971731
        ],
        [
            "calc",
            39.912568018
        ],
        [
            "write",
            0.987335197
        ],
        [
            "comm",
            3.723640755
        ],
        [
            "calc",
            39.971415177
        ],
        [
            "write",
            0.973427059
        ],
        [
            "comm",
            3.320487643
        ],
        [
            "calc",
            40.102469432
        ],
        [
            "write",
            0.968704241
        ],
        [
            "comm",
            3.917749289
        ],
        [
            "calc",
            39.909421075
        ],
        [
            "write",
            0.965999266
        ],
        [
            "finalize",
            59.604238318
        ]
    ]
}
