{
    "version": "0.11.1",
    "nprocs": 1200,
    "topology": [
        1200
    ],
    "xnp": 30,
    "ynp": 40,
    "L": 245760,
    "chunkSizeX": 8192,
    "chunkSizeY": 6144,
    "collective": false,
    "iotype": "view",
    "sync": false,
    "validate": false,
    "steps": 640,
    "interval": 64,
    "fixedX": false,
    "fixedY": false,
    "initialOutput": false,
    "nfiles": 10,
    "fileSize": 483183820800,
    "totalWriteSizeByte": 4831838208000,
    "calcTimeSec": 391.799007794,
    "commTimeSec": 30.68756506,
    "writeTimeSec": 9.629297105,
    "writeBandwidthByte": 501785141253.05,
    "initialTimeSec": 32.152922103,
    "finalizeTimeSec": 61.15429616,
    "phaseDurationsSec": [
        [
            "init",
            32.152922103
        ],
        [
            "comm",
            3.951744426
        ],
        [
            "calc",
            40.025484682
        ],
        [
            "write",
            1.163485157
        ],
        [
            "comm",
            3.217130139
        ],
        [
            "calc",
            40.00757617
        ],
        [
            "write",
            0.96752421
        ],
        [
            "comm",
            3.641919322
        ],
        [
            "calc",
            40.029757609
        ],
        [
            "write",
            0.961284909
        ],
        [
            "comm",
            3.853516013
        ],
        [
            "calc",
            40.023949333
        ],
        [
            "write",
            1.187724903
        ],
        [
            "comm",
            3.6414919
        ],
        [
            "calc",
            40.032634173
        ],
        [
            "write",
            1.009723404
        ],
        [
            "comm",
            3.45008492
        ],
        [
            "calc",
            39.81301844
        ],
        [
            "write",
            0.993166108
        ],
        [
            "comm",
            4.153100976
        ],
        [
            "calc",
            39.955524175
        ],
        [
            "write",
            1.050977294
        ],
        [
            "comm",
            3.217493703
        ],
        [
            "calc",
            40.202166749
        ],
        [
            "write",
            1.013239843
        ],
        [
            "comm",
            3.449798052
        ],
        [
            "calc",
            39.963011585
        ],
        [
            "write",
            0.97580511
        ],
        [
            "comm",
            3.726988288
        ],
        [
            "calc",
            39.982224393
        ],
        [
            "write",
            0.977331655
        ],
        [
            "finalize",
            61.15429616
        ]
    ]
}
