{
    "version": "0.11.1",
    "nprocs": 432,
    "topology": [
        432
    ],
    "xnp": 18,
    "ynp": 24,
    "L": 147456,
    "chunkSizeX": 8192,
    "chunkSizeY": 6144,
    "collective": false,
    "iotype": "view",
    "sync": false,
    "validate": false,
    "steps": 640,
    "interval": 64,
    "fixedX": false,
    "fixedY": false,
    "initialOutput": false,
    "nfiles": 10,
    "fileSize": 173946175488,
    "totalWriteSizeByte": 1739461754880,
    "calcTimeSec": 382.678527704,
    "commTimeSec": 53.114716232,
    "writeTimeSec": 26.330281021,
    "writeBandwidthByte": 66063167099.99,
    "initialTimeSec": 14.926106606,
    "finalizeTimeSec": 11.29410104,
    "phaseDurationsSec": [
        [
            "init",
            14.926106606
        ],
        [
            "comm",
            2.907022269
        ],
        [
            "calc",
            40.127051889
        ],
        [
            "write",
            3.055882934
        ],
        [
            "comm",
            6.570569704
        ],
        [
            "calc",
            39.876014435
        ],
        [
            "write",
            3.184754033
        ],
        [
            "comm",
            7.755990624
        ],
        [
            "calc",
            40.069218945
        ],
        [
            "write",
            3.197097929
        ],
        [
            "comm",
            8.716073409
        ],
        [
            "calc",
            39.768682309
        ],
        [
            "write",
            3.078886607
        ],
        [
            "comm",
            9.146679278
        ],
        [
            "calc",
            39.65476366
        ],
        [
            "write",
            2.990678627
        ],
        [
            "comm",
            7.865174685
        ],
        [
            "calc",
            39.784802449
        ],
        [
            "write",
            3.221872151
        ],
        [
            "comm",
            7.924019552
        ],
        [
            "calc",
            39.985270115
        ],
        [
            "write",
            2.993997881
        ],
        [
            "comm",
            8.772331789
        ],
        [
            "calc",
            39.948760736
        ],
        [
            "write",
            3.196860639
        ],
        [
            "comm",
            8.840316596
        ],
        [
            "calc",
            39.779515796
        ],
        [
            "write",
            3.208405786
        ],
        [
            "comm",
            9.216179553
        ],
        [
            "calc",
            40.001299611
        ],
        [
            "write",
            2.937706039
        ],
        [
            "finalize",
            11.29410104
        ]
    ]
}
