{
    "version": "0.11.1",
    "nprocs": 2352,
    "topology": [
        2352
    ],
    "xnp": 42,
    "ynp": 56,
    "L": 344064,
    "chunkSizeX": 8192,
    "chunkSizeY": 6144,
    "collective": false,
    "iotype": "view",
    "sync": false,
    "validate": false,
    "steps": 640,
    "interval": 64,
    "fixedX": false,
    "fixedY": false,
    "initialOutput": false,
    "nfiles": 10,
    "fileSize": 947040288768,
    "totalWriteSizeByte": 9470402887680,
    "calcTimeSec": 392.919116141,
    "commTimeSec": 40.039540877,
    "writeTimeSec": 10.597727354,
    "writeBandwidthByte": 893625828570.26,
    "initialTimeSec": 34.357856643,
    "finalizeTimeSec": 60.606035068,
    "phaseDurationsSec": [
        [
            "init",
            34.357856643
        ],
        [
            "comm",
            4.936659219
        ],
        [
            "calc",
            40.035261759
        ],
        [
            "write",
            1.320275325
        ],
        [
            "comm",
            4.859591777
        ],
        [
            "calc",
            40.064669807
        ],
        [
            "write",
            1.034930784
        ],
        [
            "comm",
            4.453506279
        ],
        [
            "calc",
            40.088619397
        ],
        [
            "write",
            1.041146222
        ],
        [
            "comm",
            4.361617173
        ],
        [
            "calc",
            40.122549707
        ],
        [
            "write",
            1.651553662
        ],
        [
            "comm",
            5.196113011
        ],
        [
            "calc",
            40.006839088
        ],
        [
            "write",
            1.044555936
        ],
        [
            "comm",
            5.157984003
        ],
        [
            "calc",
            39.955880186
        ],
        [
            "write",
            1.12627659
        ],
        [
            "comm",
            3.877685683
        ],
        [
            "calc",
            40.012451515
        ],
        [
            "write",
            1.170396779
        ],
        [
            "comm",
            4.813263148
        ],
        [
            "calc",
            40.187354607
        ],
        [
            "write",
            1.087172979
        ],
        [
            "comm",
            4.032060015
        ],
        [
            "calc",
            39.950625249
        ],
        [
            "write",
            1.022297825
        ],
        [
            "comm",
            4.461937575
        ],
        [
            "calc",
            40.094182372
        ],
        [
            "write",
            1.062548371
        ],
        [
            "finalize",
            60.606035068
        ]
    ]
}
