{
    "version": "0.11.1",
    "nprocs": 3072,
    "topology": [
        3072
    ],
    "xnp": 48,
    "ynp": 64,
    "L": 393216,
    "chunkSizeX": 8192,
    "chunkSizeY": 6144,
    "collective": false,
    "iotype": "view",
    "sync": false,
    "validate": false,
    "steps": 640,
    "interval": 64,
    "fixedX": false,
    "fixedY": false,
    "initialOutput": false,
    "nfiles": 10,
    "fileSize": 1236950581248,
    "totalWriteSizeByte": 12369505812480,
    "calcTimeSec": 389.427046965,
    "commTimeSec": 52.800363847,
    "writeTimeSec": 10.5863311,
    "writeBandwidthByte": 1168441237633.31,
    "initialTimeSec": 36.153917705,
    "finalizeTimeSec": 64.808835456,
    "phaseDurationsSec": [
        [
            "init",
            36.153917705
        ],
        [
            "comm",
            7.591760353
        ],
        [
            "calc",
            40.15200798
        ],
        [
            "write",
            1.895337227
        ],
        [
            "comm",
            6.367813969
        ],
        [
            "calc",
            39.980805539
        ],
        [
            "write",
            1.135797662
        ],
        [
            "comm",
            4.479729813
        ],
        [
            "calc",
            40.054802211
        ],
        [
            "write",
            1.055164564
        ],
        [
            "comm",
            4.5404835629999996
        ],
        [
            "calc",
            40.0551008
        ],
        [
            "write",
            1.28713842
        ],
        [
            "comm",
            7.762575732
        ],
        [
            "calc",
            40.086876962
        ],
        [
            "write",
            1.157677325
        ],
        [
            "comm",
            5.062504279
        ],
        [
            "calc",
            40.050868504
        ],
        [
            "write",
            1.078643133
        ],
        [
            "comm",
            5.809408646
        ],
        [
            "calc",
            40.113532852
        ],
        [
            "write",
            1.138352014
        ],
        [
            "comm",
            5.780462834
        ],
        [
            "calc",
            40.140225979
        ],
        [
            "write",
            1.107646502
        ],
        [
            "comm",
            6.728049271
        ],
        [
            "calc",
            39.932234714
        ],
        [
            "write",
            1.166016145
        ],
        [
            "comm",
            4.742545706
        ],
        [
            "calc",
            40.076196693
        ],
        [
            "write",
            1.167410997
        ],
        [
            "finalize",
            64.808835456
        ]
    ]
}
