{
    "version": "0.11.1",
    "nprocs": 1728,
    "topology": [
        1728
    ],
    "xnp": 36,
    "ynp": 48,
    "L": 294912,
    "chunkSizeX": 8192,
    "chunkSizeY": 6144,
    "collective": false,
    "iotype": "view",
    "sync": false,
    "validate": false,
    "steps": 640,
    "interval": 64,
    "fixedX": false,
    "fixedY": false,
    "initialOutput": false,
    "nfiles": 10,
    "fileSize": 695784701952,
    "totalWriteSizeByte": 6957847019520,
    "calcTimeSec": 391.390656031,
    "commTimeSec": 33.630722341,
    "writeTimeSec": 9.627709983,
    "writeBandwidthByte": 722689718718.75,
    "initialTimeSec": 33.067182735,
    "finalizeTimeSec": 59.285395742,
    "phaseDurationsSec": [
        [
            "init",
            33.067182735
        ],
        [
            "comm",
            4.610936342
        ],
        [
            "calc",
            40.091905117
        ],
        [
            "write",
            1.157794474
        ],
        [
            "comm",
            4.089089554
        ],
        [
            "calc",
            39.963660481
        ],
        [
            "write",
            0.9800506
        ],
        [
            "comm",
            4.38632429
        ],
        [
            "calc",
            39.952718619
        ],
        [
            "write",
            1.05398585
        ],
        [
            "comm",
            3.931873014
        ],
        [
            "calc",
            40.160896534
        ],
        [
            "write",
            0.968598154
        ],
        [
            "comm",
            3.494943935
        ],
        [
            "calc",
            39.955296283
        ],
        [
            "write",
            1.010628701
        ],
        [
            "comm",
            3.465736283
        ],
        [
            "calc",
            40.002342665
        ],
        [
            "write",
            1.054620613
        ],
        [
            "comm",
            4.13717934
        ],
        [
            "calc",
            40.141467999
        ],
        [
            "write",
            1.184376678
        ],
        [
            "comm",
            4.337857331
        ],
        [
            "calc",
            40.09031349
        ],
        [
            "write",
            1.032961471
        ],
        [
            "comm",
            5.010282441
        ],
        [
            "calc",
            40.042591028
        ],
        [
            "write",
            1.037195045
        ],
        [
            "comm",
            4.016460605
        ],
        [
            "calc",
            39.882928916
        ],
        [
            "write",
            1.317577466
        ],
        [
            "finalize",
            59.285395742
        ]
    ]
}
