{
    "version": "0.11.1",
    "nprocs": 1200,
    "topology": [
        1200
    ],
    "xnp": 30,
    "ynp": 40,
    "L": 245760,
    "chunkSizeX": 8192,
    "chunkSizeY": 6144,
    "collective": false,
    "iotype": "view",
    "sync": false,
    "validate": false,
    "steps": 640,
    "interval": 64,
    "fixedX": false,
    "fixedY": false,
    "initialOutput": false,
    "nfiles": 10,
    "fileSize": 483183820800,
    "totalWriteSizeByte": 4831838208000,
    "calcTimeSec": 395.721100974,
    "commTimeSec": 51.210741384,
    "writeTimeSec": 42.185249914,
    "writeBandwidthByte": 114538570183.9,
    "initialTimeSec": 15.484777412,
    "finalizeTimeSec": 11.814083648,
    "phaseDurationsSec": [
        [
            "init",
            15.484777412
        ],
        [
            "comm",
            4.985567919
        ],
        [
            "calc",
            40.073316748
        ],
        [
            "write",
            5.803601485
        ],
        [
            "comm",
            7.541926775
        ],
        [
            "calc",
            40.058421577
        ],
        [
            "write",
            5.844849321
        ],
        [
            "comm",
            6.917334671
        ],
        [
            "calc",
            40.043331537
        ],
        [
            "write",
            5.703982086
        ],
        [
            "comm",
            7.129695751
        ],
        [
            "calc",
            40.018823028
        ],
        [
            "write",
            5.752482662
        ],
        [
            "comm",
            7.10554673
        ],
        [
            "calc",
            40.028936775
        ],
        [
            "write",
            5.715637402
        ],
        [
            "comm",
            6.838749993
        ],
        [
            "calc",
            39.871625542
        ],
        [
            "write",
            5.366533206
        ],
        [
            "comm",
            6.803184359
        ],
        [
            "calc",
            39.835413303
        ],
        [
            "write",
            5.988142734
        ],
        [
            "comm",
            6.875483608
        ],
        [
            "calc",
            40.006917407
        ],
        [
            "write",
            5.466201445
        ],
        [
            "comm",
            5.991459774
        ],
        [
            "calc",
            40.046252606
        ],
        [
            "write",
            5.593195494
        ],
        [
            "comm",
            7.877816912
        ],
        [
            "calc",
            39.969607255
        ],
        [
            "write",
            4.053762806
        ],
        [
            "finalize",
            11.814083648
        ]
    ]
}
