{
    "version": "0.11.1",
    "nprocs": 768,
    "topology": [
        768
    ],
    "xnp": 24,
    "ynp": 32,
    "L": 196608,
    "chunkSizeX": 8192,
    "chunkSizeY": 6144,
    "collective": false,
    "iotype": "view",
    "sync": false,
    "validate": false,
    "steps": 640,
    "interval": 64,
    "fixedX": false,
    "fixedY": false,
    "initialOutput": false,
    "nfiles": 10,
    "fileSize": 309237645312,
    "totalWriteSizeByte": 3092376453120,
    "calcTimeSec": 389.524688406,
    "commTimeSec": 22.90301839,
    "writeTimeSec": 241.20856384,
    "writeBandwidthByte": 12820342710.43,
    "initialTimeSec": 15.303080853,
    "finalizeTimeSec": 12.152092432,
    "phaseDurationsSec": [
        [
            "init",
            15.303080853
        ],
        [
            "comm",
            3.085332931
        ],
        [
            "calc",
            39.950200079
        ],
        [
            "write",
            24.37017389
        ],
        [
            "comm",
            3.289687143
        ],
        [
            "calc",
            39.977160886
        ],
        [
            "write",
            23.849833911
        ],
        [
            "comm",
            2.580937475
        ],
        [
            "calc",
            40.132840394
        ],
        [
            "write",
            24.219582522
        ],
        [
            "comm",
            2.647050246
        ],
        [
            "calc",
            40.126516474
        ],
        [
            "write",
            23.98809035
        ],
        [
            "comm",
            2.419691296
        ],
        [
            "calc",
            40.151162001
        ],
        [
            "write",
            24.193425052
        ],
        [
            "comm",
            2.896480208
        ],
        [
            "calc",
            40.071477777
        ],
        [
            "write",
            24.296287476
        ],
        [
            "comm",
            2.552530486
        ],
        [
            "calc",
            40.082510524999996
        ],
        [
            "write",
            23.904775245
        ],
        [
            "comm",
            2.605455638
        ],
        [
            "calc",
            39.868891919
        ],
        [
            "write",
            24.163167759
        ],
        [
            "comm",
            3.071818271
        ],
        [
            "calc",
            39.955909702
        ],
        [
            "write",
            24.942630892
        ],
        [
            "comm",
            3.036807371
        ],
        [
            "calc",
            39.964473923
        ],
        [
            "write",
            23.903666297
        ],
        [
            "finalize",
            12.152092432
        ]
    ]
}
