{
    "version": "0.11.1",
    "nprocs": 576,
    "topology": [
        576
    ],
    "xnp": 24,
    "ynp": 24,
    "L": 196608,
    "chunkSizeX": 8192,
    "chunkSizeY": 8192,
    "collective": false,
    "iotype": "view",
    "sync": false,
    "validate": false,
    "steps": 640,
    "interval": 64,
    "fixedX": false,
    "fixedY": false,
    "initialOutput": false,
    "nfiles": 10,
    "fileSize": 309237645312,
    "totalWriteSizeByte": 3092376453120,
    "calcTimeSec": 395.025765723,
    "commTimeSec": 26.719804447,
    "writeTimeSec": 231.612069864,
    "writeBandwidthByte": 13351534118.82,
    "initialTimeSec": 12.161543066,
    "finalizeTimeSec": 8.957561783,
    "phaseDurationsSec": [
        [
            "init",
            12.161543066
        ],
        [
            "comm",
            4.457258159
        ],
        [
            "calc",
            40.319868645
        ],
        [
            "write",
            24.053104674
        ],
        [
            "comm",
            3.027614656
        ],
        [
            "calc",
            40.290208939
        ],
        [
            "write",
            23.148689033
        ],
        [
            "comm",
            3.142359006
        ],
        [
            "calc",
            40.280418284
        ],
        [
            "write",
            23.100747162
        ],
        [
            "comm",
            3.308329119
        ],
        [
            "calc",
            40.296098529
        ],
        [
            "write",
            23.226715819
        ],
        [
            "comm",
            4.715649594
        ],
        [
            "calc",
            40.322517191
        ],
        [
            "write",
            23.251136016
        ],
        [
            "comm",
            2.822738252
        ],
        [
            "calc",
            40.28019374
        ],
        [
            "write",
            23.159126191
        ],
        [
            "comm",
            2.929124966
        ],
        [
            "calc",
            40.310007557
        ],
        [
            "write",
            23.071795733
        ],
        [
            "comm",
            3.23883922
        ],
        [
            "calc",
            40.290377006
        ],
        [
            "write",
            22.955877475
        ],
        [
            "comm",
            4.009693555
        ],
        [
            "calc",
            40.295274585
        ],
        [
            "write",
            23.128528662
        ],
        [
            "comm",
            3.281238163
        ],
        [
            "calc",
            40.308408185
        ],
        [
            "write",
            23.06173846
        ],
        [
            "finalize",
            8.957561783
        ]
    ]
}
