{
    "version": "0.11.1",
    "nprocs": 1296,
    "topology": [
        1296
    ],
    "xnp": 36,
    "ynp": 36,
    "L": 294912,
    "chunkSizeX": 8192,
    "chunkSizeY": 8192,
    "collective": false,
    "iotype": "view",
    "sync": false,
    "validate": false,
    "steps": 640,
    "interval": 64,
    "fixedX": false,
    "fixedY": false,
    "initialOutput": false,
    "nfiles": 10,
    "fileSize": 695784701952,
    "totalWriteSizeByte": 6957847019520,
    "calcTimeSec": 400.165459337,
    "commTimeSec": 74.042618654,
    "writeTimeSec": 39.313851074,
    "writeBandwidthByte": 176982077040.06,
    "initialTimeSec": 11.956922049,
    "finalizeTimeSec": 5.799344113,
    "phaseDurationsSec": [
        [
            "init",
            11.956922049
        ],
        [
            "comm",
            5.633628385
        ],
        [
            "calc",
            40.204094663
        ],
        [
            "write",
            4.918150562
        ],
        [
            "comm",
            7.83576933
        ],
        [
            "calc",
            40.204656328
        ],
        [
            "write",
            4.966387612
        ],
        [
            "comm",
            7.58802173
        ],
        [
            "calc",
            40.142760968
        ],
        [
            "write",
            4.937281619
        ],
        [
            "comm",
            8.555298805
        ],
        [
            "calc",
            40.185806923
        ],
        [
            "write",
            4.679462534
        ],
        [
            "comm",
            8.009789968
        ],
        [
            "calc",
            40.19989154
        ],
        [
            "write",
            5.103734826
        ],
        [
            "comm",
            7.610467833
        ],
        [
            "calc",
            40.219871047
        ],
        [
            "write",
            4.88267803
        ],
        [
            "comm",
            7.103597999
        ],
        [
            "calc",
            40.207031704
        ],
        [
            "write",
            4.792982203
        ],
        [
            "comm",
            7.003481702
        ],
        [
            "calc",
            40.218567839
        ],
        [
            "write",
            4.836283085
        ],
        [
            "comm",
            6.351066291
        ],
        [
            "calc",
            40.18227828
        ],
        [
            "write",
            4.906789473
        ],
        [
            "comm",
            8.488471337
        ],
        [
            "calc",
            40.173056802
        ],
        [
            "write",
            4.732219655
        ],
        [
            "finalize",
            5.799344113
        ]
    ]
}
