{
    "version": "0.11.1",
    "nprocs": 1200,
    "topology": [
        1200
    ],
    "xnp": 30,
    "ynp": 40,
    "L": 245760,
    "chunkSizeX": 8192,
    "chunkSizeY": 6144,
    "collective": false,
    "iotype": "view",
    "sync": false,
    "validate": false,
    "steps": 640,
    "interval": 64,
    "fixedX": false,
    "fixedY": false,
    "initialOutput": false,
    "nfiles": 10,
    "fileSize": 483183820800,
    "totalWriteSizeByte": 4831838208000,
    "calcTimeSec": 399.401623999,
    "commTimeSec": 32.847750391,
    "writeTimeSec": 407.836602693,
    "writeBandwidthByte": 11847485429.45,
    "initialTimeSec": 9.410299897,
    "finalizeTimeSec": 2.445164075,
    "phaseDurationsSec": [
        [
            "init",
            9.410299897
        ],
        [
            "comm",
            3.887606356
        ],
        [
            "calc",
            39.878997703
        ],
        [
            "write",
            41.902282839
        ],
        [
            "comm",
            3.165084105
        ],
        [
            "calc",
            40.039273026
        ],
        [
            "write",
            26.032782696
        ],
        [
            "comm",
            3.467099539
        ],
        [
            "calc",
            39.952334354
        ],
        [
            "write",
            60.203234291
        ],
        [
            "comm",
            3.555119723
        ],
        [
            "calc",
            39.99546645
        ],
        [
            "write",
            30.956803845
        ],
        [
            "comm",
            3.962205979
        ],
        [
            "calc",
            39.86799231
        ],
        [
            "write",
            35.242677044
        ],
        [
            "comm",
            4.356406777
        ],
        [
            "calc",
            40.012942515
        ],
        [
            "write",
            24.728876589
        ],
        [
            "comm",
            4.293062696
        ],
        [
            "calc",
            40.163822861
        ],
        [
            "write",
            19.446824983
        ],
        [
            "comm",
            3.184482662
        ],
        [
            "calc",
            40.156710537
        ],
        [
            "write",
            27.731429311
        ],
        [
            "comm",
            4.798819262
        ],
        [
            "calc",
            40.07097595
        ],
        [
            "write",
            125.59633033
        ],
        [
            "comm",
            4.704431398
        ],
        [
            "calc",
            40.059362333
        ],
        [
            "write",
            16.953491666
        ],
        [
            "finalize",
            2.445164075
        ]
    ]
}
