{
    "version": "0.11.1",
    "nprocs": 2352,
    "topology": [
        2352
    ],
    "xnp": 42,
    "ynp": 56,
    "L": 344064,
    "chunkSizeX": 8192,
    "chunkSizeY": 6144,
    "collective": false,
    "iotype": "view",
    "sync": false,
    "validate": false,
    "steps": 640,
    "interval": 64,
    "fixedX": false,
    "fixedY": false,
    "initialOutput": false,
    "nfiles": 10,
    "fileSize": 947040288768,
    "totalWriteSizeByte": 9470402887680,
    "calcTimeSec": 401.34003877,
    "commTimeSec": 35.708866255,
    "writeTimeSec": 326.310108415,
    "writeBandwidthByte": 29022707674.25,
    "initialTimeSec": 12.729685232,
    "finalizeTimeSec": 3.412531787,
    "phaseDurationsSec": [
        [
            "init",
            12.729685232
        ],
        [
            "comm",
            4.378756001
        ],
        [
            "calc",
            40.267970892
        ],
        [
            "write",
            41.628093034
        ],
        [
            "comm",
            3.969573276
        ],
        [
            "calc",
            40.115446201
        ],
        [
            "write",
            19.536311622
        ],
        [
            "comm",
            4.042664219
        ],
        [
            "calc",
            40.131369505
        ],
        [
            "write",
            25.459535108
        ],
        [
            "comm",
            4.457972176
        ],
        [
            "calc",
            40.066155021
        ],
        [
            "write",
            36.919495284
        ],
        [
            "comm",
            4.115268468
        ],
        [
            "calc",
            40.12196234
        ],
        [
            "write",
            25.037836786
        ],
        [
            "comm",
            4.305508737
        ],
        [
            "calc",
            40.259376401
        ],
        [
            "write",
            17.598146443
        ],
        [
            "comm",
            4.520571787
        ],
        [
            "calc",
            40.113141022
        ],
        [
            "write",
            20.081411068
        ],
        [
            "comm",
            4.729120038
        ],
        [
            "calc",
            40.273089327
        ],
        [
            "write",
            102.886891761
        ],
        [
            "comm",
            4.340544269
        ],
        [
            "calc",
            40.124095352
        ],
        [
            "write",
            18.482016597
        ],
        [
            "comm",
            4.092983894
        ],
        [
            "calc",
            40.081880689
        ],
        [
            "write",
            19.73490642
        ],
        [
            "finalize",
            3.412531787
        ]
    ]
}
