{
    "version": "0.11.1",
    "nprocs": 1728,
    "topology": [
        1728
    ],
    "xnp": 36,
    "ynp": 48,
    "L": 294912,
    "chunkSizeX": 8192,
    "chunkSizeY": 6144,
    "collective": false,
    "iotype": "view",
    "sync": false,
    "validate": false,
    "steps": 640,
    "interval": 64,
    "fixedX": false,
    "fixedY": false,
    "initialOutput": false,
    "nfiles": 10,
    "fileSize": 695784701952,
    "totalWriteSizeByte": 6957847019520,
    "calcTimeSec": 392.64305174,
    "commTimeSec": 65.465688058,
    "writeTimeSec": 57.44224251,
    "writeBandwidthByte": 121127705247.73,
    "initialTimeSec": 15.247559666,
    "finalizeTimeSec": 13.488011044,
    "phaseDurationsSec": [
        [
            "init",
            15.247559666
        ],
        [
            "comm",
            4.400805475
        ],
        [
            "calc",
            40.123852909
        ],
        [
            "write",
            7.908261802
        ],
        [
            "comm",
            9.983312387
        ],
        [
            "calc",
            39.937171096
        ],
        [
            "write",
            7.718308979
        ],
        [
            "comm",
            10.319530664
        ],
        [
            "calc",
            39.7800667
        ],
        [
            "write",
            7.352699668
        ],
        [
            "comm",
            8.179501599
        ],
        [
            "calc",
            40.096753781
        ],
        [
            "write",
            7.580235689
        ],
        [
            "comm",
            9.591571684
        ],
        [
            "calc",
            40.036228388
        ],
        [
            "write",
            7.9330622
        ],
        [
            "comm",
            10.565966215
        ],
        [
            "calc",
            39.788394632
        ],
        [
            "write",
            7.361266057
        ],
        [
            "comm",
            9.374220751
        ],
        [
            "calc",
            39.624498418
        ],
        [
            "write",
            7.447610052
        ],
        [
            "comm",
            11.194303232
        ],
        [
            "calc",
            39.813022583
        ],
        [
            "write",
            7.405266849
        ],
        [
            "comm",
            9.584054652
        ],
        [
            "calc",
            39.791712561
        ],
        [
            "write",
            7.563842369
        ],
        [
            "comm",
            9.428914961
        ],
        [
            "calc",
            40.059043832
        ],
        [
            "write",
            5.230905357
        ],
        [
            "finalize",
            13.488011044
        ]
    ]
}
