{
    "version": "0.11.1",
    "nprocs": 192,
    "topology": [
        192
    ],
    "xnp": 12,
    "ynp": 16,
    "L": 98304,
    "chunkSizeX": 8192,
    "chunkSizeY": 6144,
    "collective": false,
    "iotype": "view",
    "sync": false,
    "validate": false,
    "steps": 640,
    "interval": 64,
    "fixedX": false,
    "fixedY": false,
    "initialOutput": false,
    "nfiles": 10,
    "fileSize": 77309411328,
    "totalWriteSizeByte": 773094113280,
    "calcTimeSec": 399.273461597,
    "commTimeSec": 22.510860766,
    "writeTimeSec": 195.880531313,
    "writeBandwidthByte": 3946763407.77,
    "initialTimeSec": 6.195655782,
    "finalizeTimeSec": 1.637817118,
    "phaseDurationsSec": [
        [
            "init",
            6.195655782
        ],
        [
            "comm",
            2.171980336
        ],
        [
            "calc",
            40.036662235
        ],
        [
            "write",
            32.065737351
        ],
        [
            "comm",
            2.531786635
        ],
        [
            "calc",
            39.899572081
        ],
        [
            "write",
            27.633017935
        ],
        [
            "comm",
            2.434259632
        ],
        [
            "calc",
            39.975751611
        ],
        [
            "write",
            16.843149889
        ],
        [
            "comm",
            1.974618078
        ],
        [
            "calc",
            40.040508068
        ],
        [
            "write",
            14.935182738
        ],
        [
            "comm",
            1.882890087
        ],
        [
            "calc",
            40.023692838
        ],
        [
            "write",
            11.958768494
        ],
        [
            "comm",
            2.697409997
        ],
        [
            "calc",
            39.953429719
        ],
        [
            "write",
            9.948256384
        ],
        [
            "comm",
            2.64235017
        ],
        [
            "calc",
            40.019199471
        ],
        [
            "write",
            21.094213398
        ],
        [
            "comm",
            2.457906269
        ],
        [
            "calc",
            40.024577193
        ],
        [
            "write",
            10.480756453
        ],
        [
            "comm",
            2.238053225
        ],
        [
            "calc",
            40.083323005
        ],
        [
            "write",
            37.680961648
        ],
        [
            "comm",
            2.268404213
        ],
        [
            "calc",
            39.980599528
        ],
        [
            "write",
            13.432823766
        ],
        [
            "finalize",
            1.637817118
        ]
    ]
}
