{
    "version": "0.11.1",
    "nprocs": 2304,
    "topology": [
        2304
    ],
    "xnp": 48,
    "ynp": 48,
    "L": 393216,
    "chunkSizeX": 8192,
    "chunkSizeY": 8192,
    "collective": false,
    "iotype": "view",
    "sync": false,
    "validate": false,
    "steps": 640,
    "interval": 64,
    "fixedX": false,
    "fixedY": false,
    "initialOutput": false,
    "nfiles": 10,
    "fileSize": 1236950581248,
    "totalWriteSizeByte": 12369505812480,
    "calcTimeSec": 401.211407518,
    "commTimeSec": 25.095141548,
    "writeTimeSec": 9.079226057,
    "writeBandwidthByte": 1362396501069.96,
    "initialTimeSec": 25.286312941,
    "finalizeTimeSec": 59.423159399,
    "phaseDurationsSec": [
        [
            "init",
            25.286312941
        ],
        [
            "comm",
            5.069717223
        ],
        [
            "calc",
            40.299797282
        ],
        [
            "write",
            1.058326626
        ],
        [
            "comm",
            4.514295384
        ],
        [
            "calc",
            40.287774081
        ],
        [
            "write",
            1.023870929
        ],
        [
            "comm",
            3.394942542
        ],
        [
            "calc",
            40.276544354
        ],
        [
            "write",
            0.944415821
        ],
        [
            "comm",
            3.348318692
        ],
        [
            "calc",
            40.28271052
        ],
        [
            "write",
            0.98715381
        ],
        [
            "comm",
            2.255873338
        ],
        [
            "calc",
            40.292286363
        ],
        [
            "write",
            0.906599371
        ],
        [
            "comm",
            2.03340607
        ],
        [
            "calc",
            40.291886205
        ],
        [
            "write",
            0.904628341
        ],
        [
            "comm",
            2.702546328
        ],
        [
            "calc",
            40.290961188
        ],
        [
            "write",
            0.914058114
        ],
        [
            "comm",
            3.109089408
        ],
        [
            "calc",
            40.29445528
        ],
        [
            "write",
            0.916070845
        ],
        [
            "comm",
            3.253950042
        ],
        [
            "calc",
            40.293226999
        ],
        [
            "write",
            0.925038213
        ],
        [
            "comm",
            2.397438159
        ],
        [
            "calc",
            40.289600425
        ],
        [
            "write",
            0.928348297
        ],
        [
            "finalize",
            59.423159399
        ]
    ]
}
