{
    "version": "0.11.1",
    "nprocs": 324,
    "topology": [
        324
    ],
    "xnp": 18,
    "ynp": 18,
    "L": 147456,
    "chunkSizeX": 8192,
    "chunkSizeY": 8192,
    "collective": false,
    "iotype": "view",
    "sync": false,
    "validate": false,
    "steps": 640,
    "interval": 64,
    "fixedX": false,
    "fixedY": false,
    "initialOutput": false,
    "nfiles": 10,
    "fileSize": 173946175488,
    "totalWriteSizeByte": 1739461754880,
    "calcTimeSec": 402.689776147,
    "commTimeSec": 46.646384473,
    "writeTimeSec": 24.765347491,
    "writeBandwidthByte": 70237728564.57,
    "initialTimeSec": 11.434794301,
    "finalizeTimeSec": 9.641256551,
    "phaseDurationsSec": [
        [
            "init",
            11.434794301
        ],
        [
            "comm",
            4.483899435
        ],
        [
            "calc",
            40.257324815
        ],
        [
            "write",
            2.693773053
        ],
        [
            "comm",
            4.703289607
        ],
        [
            "calc",
            40.252513724
        ],
        [
            "write",
            2.756806
        ],
        [
            "comm",
            4.350474678
        ],
        [
            "calc",
            40.271338365
        ],
        [
            "write",
            2.802808377
        ],
        [
            "comm",
            5.00740069
        ],
        [
            "calc",
            40.274173375
        ],
        [
            "write",
            2.527649035
        ],
        [
            "comm",
            4.382979708
        ],
        [
            "calc",
            40.276790066
        ],
        [
            "write",
            2.724340459
        ],
        [
            "comm",
            4.548043637
        ],
        [
            "calc",
            40.277490793
        ],
        [
            "write",
            2.462116008
        ],
        [
            "comm",
            4.621754676
        ],
        [
            "calc",
            40.273771444
        ],
        [
            "write",
            2.450826766
        ],
        [
            "comm",
            4.999153669
        ],
        [
            "calc",
            40.275362221
        ],
        [
            "write",
            2.483072511
        ],
        [
            "comm",
            4.601211777
        ],
        [
            "calc",
            40.275659031000004
        ],
        [
            "write",
            2.460106446
        ],
        [
            "comm",
            4.967548822
        ],
        [
            "calc",
            40.277094493
        ],
        [
            "write",
            2.724388107
        ],
        [
            "finalize",
            9.641256551
        ]
    ]
}
