{
    "version": "0.11.1",
    "nprocs": 1728,
    "topology": [
        1728
    ],
    "xnp": 36,
    "ynp": 48,
    "L": 294912,
    "chunkSizeX": 8192,
    "chunkSizeY": 6144,
    "collective": false,
    "iotype": "view",
    "sync": false,
    "validate": false,
    "steps": 640,
    "interval": 64,
    "fixedX": false,
    "fixedY": false,
    "initialOutput": false,
    "nfiles": 10,
    "fileSize": 695784701952,
    "totalWriteSizeByte": 6957847019520,
    "calcTimeSec": 398.564095141,
    "commTimeSec": 40.433635995,
    "writeTimeSec": 239.609136427,
    "writeBandwidthByte": 29038321005.93,
    "initialTimeSec": 11.442309151,
    "finalizeTimeSec": 2.852909999,
    "phaseDurationsSec": [
        [
            "init",
            11.442309151
        ],
        [
            "comm",
            4.420423124
        ],
        [
            "calc",
            40.010553991
        ],
        [
            "write",
            52.080068959
        ],
        [
            "comm",
            4.363252142
        ],
        [
            "calc",
            39.946511619
        ],
        [
            "write",
            32.187352906
        ],
        [
            "comm",
            4.745743972
        ],
        [
            "calc",
            39.939548115
        ],
        [
            "write",
            21.694856776
        ],
        [
            "comm",
            3.823976948
        ],
        [
            "calc",
            40.157963096
        ],
        [
            "write",
            19.867686478
        ],
        [
            "comm",
            4.447655511
        ],
        [
            "calc",
            39.955987585
        ],
        [
            "write",
            22.879203141
        ],
        [
            "comm",
            4.993745796
        ],
        [
            "calc",
            40.051787509
        ],
        [
            "write",
            18.212508225
        ],
        [
            "comm",
            4.250068165
        ],
        [
            "calc",
            40.036629354
        ],
        [
            "write",
            18.481420309
        ],
        [
            "comm",
            4.261205368
        ],
        [
            "calc",
            39.828482828
        ],
        [
            "write",
            19.823602738
        ],
        [
            "comm",
            5.52602606
        ],
        [
            "calc",
            40.035511252
        ],
        [
            "write",
            16.925706874
        ],
        [
            "comm",
            4.602074645
        ],
        [
            "calc",
            39.959515487
        ],
        [
            "write",
            18.129488561
        ],
        [
            "finalize",
            2.852909999
        ]
    ]
}
