{
    "version": "0.11.1",
    "nprocs": 900,
    "topology": [
        900
    ],
    "xnp": 30,
    "ynp": 30,
    "L": 245760,
    "chunkSizeX": 8192,
    "chunkSizeY": 8192,
    "collective": false,
    "iotype": "view",
    "sync": false,
    "validate": false,
    "steps": 640,
    "interval": 64,
    "fixedX": false,
    "fixedY": false,
    "initialOutput": false,
    "nfiles": 10,
    "fileSize": 483183820800,
    "totalWriteSizeByte": 4831838208000,
    "calcTimeSec": 400.877170964,
    "commTimeSec": 19.705725972,
    "writeTimeSec": 8.689443473,
    "writeBandwidthByte": 556058419968.27,
    "initialTimeSec": 22.567506914,
    "finalizeTimeSec": 56.726560987,
    "phaseDurationsSec": [
        [
            "init",
            22.567506914
        ],
        [
            "comm",
            3.316483063
        ],
        [
            "calc",
            40.289530687
        ],
        [
            "write",
            0.930095375
        ],
        [
            "comm",
            4.301007784
        ],
        [
            "calc",
            40.350174904
        ],
        [
            "write",
            1.03559262
        ],
        [
            "comm",
            3.49392513
        ],
        [
            "calc",
            40.237818184
        ],
        [
            "write",
            0.854907358
        ],
        [
            "comm",
            1.705438916
        ],
        [
            "calc",
            40.305815805
        ],
        [
            "write",
            0.876791635
        ],
        [
            "comm",
            1.718717814
        ],
        [
            "calc",
            40.292804827
        ],
        [
            "write",
            0.872264044
        ],
        [
            "comm",
            1.71235522
        ],
        [
            "calc",
            40.28702619
        ],
        [
            "write",
            0.884489023
        ],
        [
            "comm",
            1.718953741
        ],
        [
            "calc",
            40.296766962
        ],
        [
            "write",
            0.889897999
        ],
        [
            "comm",
            1.694447342
        ],
        [
            "calc",
            40.309930267
        ],
        [
            "write",
            0.864600459
        ],
        [
            "comm",
            1.738249127
        ],
        [
            "calc",
            40.306900458
        ],
        [
            "write",
            0.864605801
        ],
        [
            "comm",
            1.674821906
        ],
        [
            "calc",
            40.304908402
        ],
        [
            "write",
            0.862450642
        ],
        [
            "finalize",
            56.726560987
        ]
    ]
}
