{
    "version": "0.11.1",
    "nprocs": 144,
    "topology": [
        144
    ],
    "xnp": 12,
    "ynp": 12,
    "L": 98304,
    "chunkSizeX": 8192,
    "chunkSizeY": 8192,
    "collective": false,
    "iotype": "view",
    "sync": false,
    "validate": false,
    "steps": 640,
    "interval": 64,
    "fixedX": false,
    "fixedY": false,
    "initialOutput": false,
    "nfiles": 10,
    "fileSize": 77309411328,
    "totalWriteSizeByte": 773094113280,
    "calcTimeSec": 395.360076541,
    "commTimeSec": 17.910662836,
    "writeTimeSec": 127.483290492,
    "writeBandwidthByte": 6064277995.15,
    "initialTimeSec": 11.098342346,
    "finalizeTimeSec": 8.916942105,
    "phaseDurationsSec": [
        [
            "init",
            11.098342346
        ],
        [
            "comm",
            2.576730407
        ],
        [
            "calc",
            40.403244147
        ],
        [
            "write",
            12.909216087
        ],
        [
            "comm",
            0.855002179
        ],
        [
            "calc",
            40.184057119
        ],
        [
            "write",
            12.943281816
        ],
        [
            "comm",
            2.42959246
        ],
        [
            "calc",
            40.372781307
        ],
        [
            "write",
            12.353222745
        ],
        [
            "comm",
            2.492739526
        ],
        [
            "calc",
            40.357125748
        ],
        [
            "write",
            12.701295438
        ],
        [
            "comm",
            3.234103466
        ],
        [
            "calc",
            40.460252184
        ],
        [
            "write",
            12.31203301
        ],
        [
            "comm",
            2.498497449
        ],
        [
            "calc",
            40.374537167
        ],
        [
            "write",
            13.054637097
        ],
        [
            "comm",
            2.11356995
        ],
        [
            "calc",
            40.410324039
        ],
        [
            "write",
            13.218689561
        ],
        [
            "comm",
            1.65293498
        ],
        [
            "calc",
            40.272123952
        ],
        [
            "write",
            12.822510533
        ],
        [
            "comm",
            1.997086541
        ],
        [
            "calc",
            40.28766766
        ],
        [
            "write",
            12.291856157
        ],
        [
            "comm",
            2.614308914
        ],
        [
            "calc",
            40.356035019
        ],
        [
            "write",
            13.157005625
        ],
        [
            "finalize",
            8.916942105
        ]
    ]
}
