{
    "version": "0.11.1",
    "nprocs": 192,
    "topology": [
        192
    ],
    "xnp": 12,
    "ynp": 16,
    "L": 98304,
    "chunkSizeX": 8192,
    "chunkSizeY": 6144,
    "collective": false,
    "iotype": "view",
    "sync": false,
    "validate": false,
    "steps": 640,
    "interval": 64,
    "fixedX": false,
    "fixedY": false,
    "initialOutput": false,
    "nfiles": 10,
    "fileSize": 77309411328,
    "totalWriteSizeByte": 773094113280,
    "calcTimeSec": 384.268624301,
    "commTimeSec": 34.411333566,
    "writeTimeSec": 147.662731275,
    "writeBandwidthByte": 5235539845.46,
    "initialTimeSec": 14.360965277,
    "finalizeTimeSec": 12.334579098,
    "phaseDurationsSec": [
        [
            "init",
            14.360965277
        ],
        [
            "comm",
            3.313560893
        ],
        [
            "calc",
            40.184707497
        ],
        [
            "write",
            14.190036093
        ],
        [
            "comm",
            3.753779063
        ],
        [
            "calc",
            39.424243871
        ],
        [
            "write",
            14.641773098
        ],
        [
            "comm",
            3.176883215
        ],
        [
            "calc",
            39.571930618
        ],
        [
            "write",
            14.26818877
        ],
        [
            "comm",
            3.725438826
        ],
        [
            "calc",
            38.867909969
        ],
        [
            "write",
            15.127766631
        ],
        [
            "comm",
            4.091504992
        ],
        [
            "calc",
            39.184454499
        ],
        [
            "write",
            14.810605307
        ],
        [
            "comm",
            4.095561975
        ],
        [
            "calc",
            39.272467037
        ],
        [
            "write",
            14.59890833
        ],
        [
            "comm",
            3.162778783
        ],
        [
            "calc",
            39.425466929
        ],
        [
            "write",
            15.195971393
        ],
        [
            "comm",
            3.507826887
        ],
        [
            "calc",
            39.075726737
        ],
        [
            "write",
            14.816191067
        ],
        [
            "comm",
            6.641573359
        ],
        [
            "calc",
            38.833262987
        ],
        [
            "write",
            15.601506215
        ],
        [
            "comm",
            3.986256138
        ],
        [
            "calc",
            38.94407052
        ],
        [
            "write",
            14.82062088
        ],
        [
            "finalize",
            12.334579098
        ]
    ]
}
